#{"t_start": 1735015677.8548002, "env_id": "GraspEnv_v3"}
r,l,t
-8.983142,9,2.354933
-6.102314,9,2.365902
-7.349354,9,2.372932
-6.580255,9,2.379952
-8.973715,9,2.386943
-8.64335,9,2.395114
-5.715191,9,2.40279
-8.468265,9,2.408961
-6.892716,9,2.415891
-6.297561,9,2.422937
-6.38069,9,2.493062
0.907982,1,2.495054
-0.738291,3,2.499051
-8.051198,9,2.506736
-8.962421,9,2.515737
-7.242059,9,2.523737
-6.582526,9,2.530756
-0.019115,5,2.534762
-6.318448,9,2.543742
-8.976609,9,2.550755
-8.504394,9,2.608441
-7.062839,9,2.620438
0.289153,3,2.625453
-6.443084,9,2.63345
0.811537,1,2.635447
-2.967763,9,2.643515
0.944601,1,2.645518
-8.677886,9,2.652525
-3.203983,9,2.659529
0.910093,1,2.661516
-8.381772,9,2.717455
-5.643841,9,2.726459
-2.216519,9,2.734465
-7.062256,9,2.741462
-5.639595,9,2.750455
0.897938,1,2.752455
-8.422096,9,2.761458
-2.430071,9,2.769456
-7.520246,9,2.776495
-7.736434,9,2.783455
-3.637932,9,2.8364
-5.655019,9,2.844427
0.910835,1,2.847398
-8.868085,9,2.854394
-8.893957,9,2.863419
-8.259746,9,2.871415
-4.666201,9,2.878399
-7.792747,9,2.88641
-5.084178,9,2.893543
-8.69352,9,2.901543
-6.753576,9,2.956389
-4.072745,9,2.964352
-4.419954,9,2.972361
-3.532054,9,2.979359
-8.911917,9,2.986374
-4.72152,9,2.995524
-1.822573,9,3.002495
-6.351988,9,3.009304
-7.028366,9,3.017315
-5.50152,9,3.024312
-5.664179,9,3.081266
-6.152511,9,3.090473
-1.360296,5,3.096473
-5.167015,9,3.104272
-8.012094,9,3.112209
-4.699236,9,3.119209
-7.535209,9,3.127232
-7.673685,9,3.134309
-7.075136,9,3.140313
-7.986129,9,3.147271
-8.828031,9,3.207135
0.587812,2,3.210142
-5.900298,9,3.219134
-3.019068,9,3.226137
-4.80388,9,3.233136
-6.912862,9,3.241135
-7.017923,9,3.247129
0.997281,1,3.249135
-8.913264,9,3.258135
-7.822488,9,3.267122
-7.545537,9,3.320941
-5.993357,9,3.328937
-8.859985,9,3.337934
-7.124418,9,3.345942
-2.603856,9,3.35294
-8.550177,9,3.359947
-1.816265,9,3.367952
-5.10715,9,3.37495
-8.493636,9,3.384942
-5.98175,9,3.393144
-5.470585,9,3.442
-8.038195,9,3.449962
0.866705,1,3.451969
-7.734945,9,3.459881
-7.590586,9,3.467901
-8.912333,9,3.474895
0.830655,1,3.476911
-6.215752,9,3.483896
0.937812,1,3.485896
0.91781,1,3.486895
-3.899137,9,3.546579
-4.688337,9,3.553577
-6.07933,9,3.564589
-7.989657,9,3.57159
-6.187009,9,3.579586
-6.400965,9,3.587661
-3.770563,9,3.594797
0.90781,1,3.596805
-8.015916,9,3.603797
-5.163683,9,3.610605
-3.879008,9,3.660519
-0.53713,5,3.665532
-5.306469,9,3.672538
-4.621242,9,3.679527
-3.779231,9,3.687527
0.963481,1,3.689587
-8.844386,9,3.696663
-7.639551,9,3.703663
-6.50483,9,3.710444
-7.566162,9,3.717444
-2.912795,9,3.769375
-3.873058,9,3.777378
-8.6133,9,3.785357
0.882836,1,3.787374
-8.998067,9,3.795435
-8.824927,9,3.802509
-3.117863,9,3.812321
0.363792,3,3.815323
0.852749,1,3.817323
-7.022688,9,3.824326
-2.2997,9,3.878326
-7.720372,9,3.900334
-8.035836,9,3.916988
-5.885642,9,3.927023
-8.373967,9,3.936023
-6.587093,9,3.944988
-2.68817,9,3.957988
-8.511788,9,3.967019
-8.796087,9,3.973997
-6.573437,9,3.982001
-3.222611,9,4.039751
-3.418814,9,4.046714
-4.005208,9,4.054707
-8.809657,9,4.061707
-8.93158,9,4.068705
-8.359656,9,4.075704
-2.97035,9,4.081704
-5.217267,9,4.0887
-8.988097,9,4.095778
-8.212221,9,4.102778
-6.623539,9,4.154344
-3.27633,9,4.163352
0.962885,1,4.165347
0.415093,3,4.16935
-8.337012,9,4.17635
-8.176218,9,4.184341
0.931051,1,4.186347
-2.534906,6,4.190392
0.83857,1,4.192421
-7.643165,9,4.199408
-8.407099,9,4.261075
-3.883242,9,4.268073
-8.968083,9,4.279075
-1.971454,9,4.287066
-5.684136,9,4.294206
-5.03592,9,4.30121
-8.429232,9,4.309966
-8.77738,9,4.316978
-4.13814,9,4.32397
-8.816904,9,4.330929
-8.195521,9,4.384977
-7.411523,9,4.393119
-7.706096,9,4.400124
-4.659302,9,4.407659
-6.363701,9,4.41467
-6.209519,9,4.424689
0.887991,1,4.426668
-8.264167,9,4.433657
-8.549355,9,4.439652
-4.115901,9,4.447668
-2.118811,9,4.49887
-5.379753,9,4.5076
-3.298879,9,4.5156
-8.013078,9,4.522602
-8.717878,9,4.529601
-3.852621,9,4.538599
-7.240658,9,4.545598
-7.148135,9,4.552603
-4.955755,9,4.562597
-4.502451,9,4.569645
-4.981593,9,4.623505
0.993361,1,4.625517
-8.868828,9,4.633513
-6.537252,9,4.642515
-6.787313,9,4.650526
-7.284769,9,4.657517
-7.119939,9,4.664507
0.963536,1,4.666516
-8.423254,9,4.673516
-4.907208,9,4.680517
-5.407969,9,4.733345
-3.42644,9,4.741345
-8.34187,9,4.749346
-6.649517,9,4.756346
-7.244978,9,4.763353
-5.394544,9,4.770417
-3.399457,9,4.777417
-5.748734,9,4.784418
-8.049882,9,4.791568
-4.385549,9,4.798564
0.868292,1,4.845336
-5.951314,9,4.854339
-8.419565,9,4.86234
-3.381822,9,4.869335
-8.512648,9,4.877254
0.972485,1,4.879333
-8.866214,9,4.886333
-8.169694,9,4.893479
-4.762105,9,4.901444
-5.296037,9,4.908256
-6.366375,9,4.961215
-0.998578,5,4.96726
-7.217809,9,4.974265
-5.179855,9,4.981268
0.513907,3,4.984269
-8.003403,9,4.992411
-3.865103,9,4.999402
-8.696979,9,5.007182
-8.25723,9,5.014181
-0.977587,3,5.01718
-7.300531,9,5.068099
-4.358281,9,5.078117
0.932366,1,5.080113
-6.369201,9,5.088148
-8.897912,9,5.095213
-4.697003,9,5.10425
0.827198,1,5.106844
-0.442497,3,5.109834
-8.145089,9,5.116847
0.144185,3,5.119838
-2.799803,9,5.171899
-6.808157,9,5.180909
-7.708264,9,5.188907
-8.546981,9,5.199044
-3.957356,9,5.206059
-5.782765,9,5.212839
-5.777479,9,5.222832
-3.287853,9,5.229837
-8.572884,9,5.236834
-8.706591,9,5.243835
-6.69056,9,5.292961
-5.535434,9,5.30197
-3.55891,9,5.308755
-0.971098,8,5.315758
-8.283533,9,5.322754
-7.929089,9,5.328756
-1.256866,8,5.33476
-8.984016,9,5.341757
-5.65294,9,5.348758
-8.927316,9,5.356755
-5.496022,9,5.412633
-4.487035,9,5.42062
-7.678707,9,5.429618
-6.114917,9,5.436616
-8.908177,9,5.443619
-8.125503,9,5.450617
-5.243301,9,5.459631
-5.629479,9,5.466621
-8.287861,9,5.474626
-6.970244,9,5.481658
-2.976239,9,5.537565
-6.335016,9,5.545563
-7.013061,9,5.552558
-6.518261,9,5.560563
-8.795366,9,5.567562
-6.871706,9,5.57457
-7.893098,9,5.581563
-8.302968,9,5.588562
-5.832116,9,5.595701
-7.299445,9,5.601702
-8.784634,9,5.65247
-7.357802,9,5.660473
-7.338223,9,5.667474
-7.353175,9,5.674469
-8.844929,9,5.682425
-7.973363,9,5.689466
-3.863515,9,5.697603
-2.958795,9,5.705633
0.873177,1,5.707463
-3.258941,9,5.716467
-7.324786,9,5.769383
-6.768182,9,5.778391
-8.965421,9,5.786383
-8.161399,9,5.793518
-2.529256,9,5.803548
-3.21883,9,5.812412
-5.06692,9,5.820439
-2.709213,9,5.827455
0.9276,1,5.829423
-8.245409,9,5.836413
-6.93821,9,5.886412
0.890494,1,5.888426
-5.370392,9,5.897551
-6.946766,9,5.905539
0.296329,3,5.908358
-0.044889,5,5.913374
-7.101248,9,5.920401
-2.867821,9,5.928362
-3.770265,9,5.936357
-8.23369,9,5.943356
-6.098589,9,6.00149
-2.223036,9,6.00934
-8.960555,9,6.017349
-5.62772,9,6.024341
-7.134677,9,6.031346
0.948787,1,6.033346
0.841248,1,6.035344
-5.262576,9,6.041343
0.83776,1,6.043342
0.850889,1,6.045341
-6.062693,9,6.103438
-3.646889,9,6.112274
-7.418904,9,6.120271
-8.384479,9,6.130271
-3.746764,9,6.138279
-7.765018,9,6.145272
-6.740351,9,6.152275
-8.721101,9,6.159279
-5.487463,9,6.168264
-5.479213,9,6.175264
-6.169096,9,6.230038
-8.083299,9,6.238031
-4.857679,9,6.24503
-8.975894,9,6.253041
0.926178,1,6.25404
-0.175836,6,6.259041
-7.468392,9,6.26604
-5.764684,9,6.273037
-8.807345,9,6.280033
-2.581388,9,6.288038
-3.229403,9,6.336932
-3.307398,9,6.34502
-4.95556,9,6.352007
0.890744,1,6.353989
0.911954,1,6.355985
-3.780325,9,6.364981
0.116232,4,6.369977
-8.958831,9,6.377981
-7.252655,9,6.385018
-8.023181,9,6.392179
-8.207236,9,6.44902
-4.709155,9,6.458
-6.054017,9,6.465993
-3.93822,9,6.473999
-3.871919,9,6.481
-8.293412,9,6.488001
-5.665593,9,6.495142
-8.42121,9,6.503143
-8.639253,9,6.50993
-4.612277,9,6.516928
-3.639711,9,6.572926
-5.934969,9,6.581924
-7.334501,9,6.588923
-6.166575,9,6.597058
-7.550845,9,6.604054
0.871148,1,6.606695
-8.091978,9,6.616834
-6.411238,9,6.624835
-5.699807,9,6.632834
-7.336422,9,6.639777
-4.957092,9,6.695948
-7.273171,9,6.704983
-7.400476,9,6.712791
0.96409,1,6.714792
-6.893901,9,6.721805
-4.433963,9,6.729796
-8.656505,9,6.73673
-5.856035,9,6.744789
-7.568071,9,6.751795
-6.941562,9,6.758819
-2.138564,9,6.813484
-8.557566,9,6.821467
-7.676162,9,6.829447
-3.448761,9,6.837454
0.834728,1,6.838451
-8.278195,9,6.84646
-6.292726,9,6.853452
0.854573,1,6.855444
-4.342929,9,6.862469
-5.669071,9,6.869445
-2.826195,9,6.922703
-8.432554,9,6.930685
0.880921,1,6.932698
-8.500635,9,6.939693
-6.657279,9,6.947702
-7.401701,9,6.954774
-3.679548,9,6.961788
-2.299603,9,6.968792
0.826635,1,6.970773
-2.310413,9,6.977773
-4.003348,9,7.03273
-8.982364,9,7.040771
-1.955956,9,7.048732
-3.566187,9,7.055726
-1.809032,4,7.059726
-8.012491,9,7.066729
-3.481733,9,7.074732
-7.767334,9,7.081736
-3.711932,9,7.088739
-7.18626,9,7.096878
-3.154012,9,7.15062
-5.686341,9,7.159622
-4.508348,9,7.167629
-4.817253,9,7.17464
-8.61166,9,7.181627
-3.403222,9,7.188624
-2.044598,9,7.195739
-6.217363,9,7.203737
-8.895518,9,7.210518
-2.207423,9,7.218515
-6.64605,9,7.273522
0.424591,2,7.276464
-8.131604,9,7.285509
-3.484826,9,7.292658
-3.287218,9,7.300664
-5.204595,9,7.30738
-8.783646,9,7.314545
-3.715976,9,7.321542
-8.091223,9,7.328544
-2.129361,9,7.336583
-1.988917,9,7.387548
-6.953043,9,7.395718
-4.374125,9,7.403694
-3.831898,9,7.411554
-7.990317,9,7.419571
-7.147692,9,7.426553
0.990679,1,7.42856
-7.924987,9,7.43556
-5.184305,9,7.44256
-3.802649,9,7.449556
0.955263,1,7.4937
-2.072479,9,7.50265
-5.926255,9,7.509502
-8.113997,9,7.517443
-3.655128,9,7.524542
-3.575858,9,7.531505
-8.617774,9,7.539521
-6.926558,9,7.546512
-3.781849,9,7.553515
-7.619195,9,7.562526
-5.20169,9,7.61927
-5.233437,9,7.626271
-8.928622,9,7.634267
0.466181,3,7.637224
-6.09264,9,7.644269
-2.67098,9,7.651272
-0.372432,6,7.656268
-3.810274,9,7.665263
0.955614,1,7.666263
0.929594,1,7.668265
-5.984883,9,7.726933
-8.604759,9,7.735
-7.419101,9,7.742959
0.070655,3,7.745998
-8.227177,9,7.752998
0.925817,1,7.754916
-1.951542,9,7.763007
0.979558,1,7.763997
-7.881486,9,7.772022
-2.846291,9,7.778998
-0.030051,3,7.829904
-8.502907,9,7.836902
-8.922894,9,7.845908
-6.918609,9,7.852901
-0.769765,5,7.856898
-4.424188,9,7.863899
-7.522552,9,7.870899
-6.84485,9,7.8789
-3.851407,9,7.8869
-1.748255,9,7.894038
-8.533466,9,7.949823
-5.777794,9,7.957824
-8.343122,9,7.967863
-6.507742,9,7.974822
-4.048556,9,7.983816
-5.425496,9,7.991823
0.829338,1,7.992823
-4.928646,9,7.99997
-8.357344,9,8.00861
-8.063167,9,8.014763
-6.11544,9,8.068691
-5.747384,9,8.076685
-8.88027,9,8.084688
0.95536,1,8.086692
-8.579725,9,8.09378
0.813327,1,8.095775
-6.962278,9,8.102769
-6.28908,9,8.109619
-2.486171,9,8.116623
-8.848212,9,8.126623
-5.349365,9,8.184535
-7.991151,9,8.192549
-8.764312,9,8.199619
-7.084991,9,8.206609
-6.831405,9,8.214322
-8.847171,9,8.221325
-4.321156,9,8.228319
-7.951401,9,8.235322
-8.13002,9,8.242331
-6.931553,9,8.249324
-7.958219,9,8.304321
-6.361513,9,8.311434
-1.986177,9,8.319447
-8.428557,9,8.326518
-3.628636,9,8.333512
-8.025568,9,8.341535
-8.526182,9,8.347513
-3.771921,9,8.354515
-8.585451,9,8.362468
0.282819,3,8.365513
-6.033091,9,8.419333
-7.12609,9,8.427336
-7.722035,9,8.435355
-6.343823,9,8.442343
-5.359253,9,8.449351
-8.470072,9,8.457346
-7.260011,9,8.46434
0.893113,1,8.466355
-8.949329,9,8.473412
-8.468763,9,8.480411
-4.05656,9,8.535285
-0.299556,4,8.540277
-5.307774,9,8.550292
-2.311428,9,8.558284
-8.894058,9,8.565284
-7.603461,9,8.573292
0.957471,1,8.575274
-6.724754,9,8.582298
-8.615362,9,8.589274
-7.48253,9,8.596364
0.523794,2,8.642017
-2.930887,9,8.649001
-7.260561,9,8.657999
-4.556316,9,8.666027
-5.263936,9,8.673001
-6.241838,9,8.679997
-4.181696,9,8.687025
-8.970905,9,8.694001
-2.401258,9,8.701054
-7.593403,9,8.708046
-4.142283,9,8.76056
0.902172,1,8.76256
-7.299238,9,8.771564
-6.182694,9,8.77956
-0.257389,6,8.784555
-4.402662,9,8.791555
-6.808302,9,8.798629
0.917333,1,8.800638
-4.983924,9,8.807624
-7.271699,9,8.814197
-5.329092,9,8.865302
-8.729322,9,8.873252
-3.932609,9,8.88129
0.814849,1,8.883258
-2.959995,9,8.890294
-8.955945,9,8.897427
-8.612376,9,8.905424
-2.71991,9,8.912206
-7.5769,9,8.919212
-7.143672,9,8.926205
-7.668352,9,8.983142
-5.917647,9,8.992155
-7.104834,9,9.000178
-3.007051,9,9.00721
-8.547978,9,9.014832
-6.695958,9,9.021838
-7.66229,9,9.028903
-7.53402,9,9.035901
-7.338828,9,9.042904
-7.557493,9,9.048901
-8.532937,9,9.09904
0.831452,1,9.101031
-8.002075,9,9.109046
-6.864464,9,9.115819
-6.413444,9,9.123826
0.974973,1,9.125826
0.995266,1,9.126828
-7.047551,9,9.133816
-0.632635,3,9.136792
0.85101,1,9.138824
-8.515066,9,9.190825
-5.421775,9,9.198961
-5.853627,9,9.206969
0.822039,1,9.208967
-8.940459,9,9.216734
-5.747118,9,9.22474
-7.68333,9,9.230739
-6.69043,9,9.238737
-4.789636,9,9.245744
-7.333575,9,9.253712
-5.97834,9,9.31473
-6.079713,9,9.322714
-8.63121,9,9.332717
-8.337847,9,9.340719
-6.817083,9,9.347729
-8.091973,9,9.354717
-6.068748,9,9.361714
-5.836605,9,9.370707
-0.281324,4,9.374717
-5.476274,9,9.382708
-3.68754,9,9.438595
-8.272515,9,9.446633
-7.718369,9,9.454634
-4.692316,9,9.461627
-3.231167,9,9.468638
-5.733799,9,9.475632
-4.601139,9,9.482641
0.238391,3,9.485634
-6.922734,9,9.495782
-8.381939,9,9.50276
-7.365569,9,9.558549
0.956207,1,9.560553
-3.755706,9,9.568554
-6.699743,9,9.575555
-8.278983,9,9.582546
0.962079,1,9.584556
-3.311879,9,9.590554
-5.385893,9,9.597691
-3.674042,9,9.606695
-5.626126,9,9.613428
-8.981143,9,9.664427
-7.689744,9,9.672458
-8.01539,9,9.682357
-5.689288,9,9.69042
-5.658777,9,9.697566
-7.421212,9,9.704562
-6.878158,9,9.711403
-5.490886,9,9.717406
-3.994556,9,9.72441
-5.107058,9,9.731408
-4.467029,9,9.804381
-2.170134,9,9.814995
0.84239,1,9.817009
-2.022553,9,9.828995
-8.363426,9,9.838079
-8.801732,9,9.845105
-3.014532,9,9.852078
-7.59172,9,9.859108
-8.520516,9,9.865996
0.86787,1,9.867989
-6.662735,9,9.919723
-7.597162,9,9.927733
-5.174393,9,9.935735
-3.508449,7,9.941728
-7.258133,9,9.948733
-2.388646,9,9.9578
-8.184523,9,9.965759
-8.992979,9,9.972742
0.860285,1,9.974733
-5.986939,9,9.982735
0.89649,1,10.022491
-6.92738,9,10.030511
-6.348294,9,10.039503
-5.008272,9,10.048507
0.163044,3,10.051501
0.633792,2,10.054525
-6.623922,9,10.061506
-7.95757,9,10.068579
-4.020192,9,10.079568
-8.445381,9,10.086569
-4.361652,9,10.13532
-6.837425,9,10.144312
0.939661,1,10.146302
-6.033694,9,10.153306
-6.774935,9,10.160332
-4.114354,9,10.169297
-3.396519,9,10.175317
-8.356782,9,10.18233
-6.651025,9,10.189255
-2.515563,9,10.196462
-8.344381,9,10.249097
-6.362038,9,10.257105
-8.532766,9,10.265108
-4.871909,9,10.272109
-8.664291,9,10.280111
-8.90547,9,10.289111
-7.044883,9,10.296106
-2.184315,9,10.303273
-6.042774,9,10.310289
-7.847285,9,10.316823
-7.280585,9,10.370819
-6.219678,9,10.380836
-5.176439,9,10.388824
-6.40202,9,10.395842
-6.216457,9,10.404027
0.943566,1,10.405926
-6.622524,9,10.412879
0.49104,3,10.415823
-8.714729,9,10.423856
-7.397483,9,10.430851
-7.176942,9,10.484847
-5.981604,9,10.492852
-3.285494,9,10.501004
-8.640461,9,10.508944
0.958326,1,10.511016
-3.742796,9,10.517845
-4.654353,9,10.527812
-8.782155,9,10.535823
-8.251595,9,10.544819
-8.960884,9,10.551826
-6.107485,9,10.602024
-6.505932,9,10.610018
-8.049129,9,10.617834
-8.644516,9,10.624838
-7.467917,9,10.631836
-4.30552,9,10.638834
-8.770268,9,10.649834
-7.48042,9,10.656836
-6.383776,9,10.662835
0.968691,1,10.664829
-4.134208,9,10.71861
-7.257499,9,10.726672
-4.072208,9,10.733665
-6.190513,9,10.74167
-2.95787,9,10.751667
0.932361,1,10.753661
-5.685153,9,10.760674
-8.981068,9,10.767677
0.914886,1,10.76867
-6.312445,9,10.775673
-3.871604,9,10.82759
-5.981175,9,10.835522
-4.84817,9,10.843561
-3.728679,9,10.851552
-7.995043,9,10.858558
-8.4398,9,10.865556
-8.479544,9,10.872562
-7.411109,9,10.879562
-6.032375,9,10.887554
-8.751983,9,10.897699
-8.993593,9,10.95637
-2.958727,9,10.965443
-6.669291,9,10.974448
0.9536,1,10.977443
-6.459881,9,10.984457
-3.718134,9,10.992454
-4.335117,9,10.999588
-2.701286,9,11.006584
0.862181,1,11.007586
-5.454201,9,11.015426
-8.087345,9,11.069317
-4.01636,9,11.077317
0.96029,1,11.079332
-8.593364,9,11.086351
-6.891677,9,11.094314
0.962887,1,11.096336
0.999308,1,11.097333
-6.185936,9,11.105404
-8.024911,9,11.112409
-7.197891,9,11.119171
-5.712416,9,11.173178
-8.675772,9,11.181178
-6.137323,9,11.188173
-7.772045,9,11.195175
-3.739991,9,11.202307
0.964308,1,11.204308
-3.765096,9,11.21331
-8.716732,9,11.220084
-6.18696,9,11.227088
-8.556775,9,11.234038
-3.734044,9,11.285077
-3.019778,9,11.292073
-7.325042,9,11.301159
0.852183,1,11.303161
-8.900229,9,11.310158
-7.236602,9,11.317978
-7.115479,9,11.326989
-4.505955,9,11.333973
-8.080822,9,11.339977
0.214329,3,11.34399
-2.757414,9,11.393974
-8.993715,9,11.404142
-5.370793,9,11.412126
-4.613152,9,11.418944
-5.911297,9,11.425937
-4.561238,9,11.432931
-6.465915,9,11.439909
-6.097687,9,11.446887
-5.936101,9,11.453921
-7.917715,9,11.460938
0.398665,3,11.513525
-2.269121,9,11.521603
-4.100244,9,11.531579
-8.606553,9,11.538602
-2.142793,9,11.545598
-2.070052,9,11.553586
0.954736,1,11.554589
-3.020209,9,11.563589
-5.937298,9,11.570662
-6.442106,9,11.580658
-6.715193,9,11.639506
-7.948787,9,11.6485
-7.012441,9,11.657497
-6.99779,9,11.665503
-8.699878,9,11.672501
-8.0174,9,11.678501
-2.195663,9,11.686503
-5.25934,9,11.693502
-8.151122,9,11.700593
-8.881597,9,11.70659
-5.266221,9,11.761398
0.901354,1,11.764407
-7.238498,9,11.772396
-2.792998,9,11.780406
-4.838405,9,11.788405
-4.906129,9,11.798404
0.936418,1,11.799545
-5.935916,9,11.80654
-6.624509,9,11.813546
-5.273511,9,11.820308
-8.924872,9,11.873314
-4.047965,9,11.881311
-5.549881,9,11.888316
-8.208701,9,11.895315
-7.720452,9,11.902457
-4.872737,9,11.909459
-6.943527,9,11.919314
0.818671,1,11.921315
0.821666,1,11.923318
0.922483,1,11.925313
-8.190657,9,11.980322
0.892934,1,11.982325
-3.721353,9,11.992324
-5.001632,9,12.001464
-3.249908,9,12.013462
-7.325161,9,12.020258
0.825316,1,12.022256
-5.0571,9,12.029249
-8.680988,9,12.037264
-6.391039,9,12.044259
-5.961818,9,12.104274
-6.455846,9,12.112278
-7.227077,9,12.119901
-8.957437,9,12.127952
-8.230146,9,12.134938
-3.212206,9,12.142919
-5.129853,9,12.149901
-8.553391,9,12.157937
-6.795959,9,12.164901
-8.336272,9,12.172917
-7.637969,9,12.225649
-8.96226,9,12.233675
-4.626508,9,12.241663
-5.705008,9,12.249671
-7.03783,9,12.257684
-7.487704,9,12.264734
0.093132,3,12.267742
-2.808309,9,12.275751
-7.179882,9,12.283741
-6.32008,9,12.291748
-6.545691,9,12.349676
-7.42452,9,12.35763
-2.580097,9,12.365651
-4.765641,9,12.374655
-6.051567,9,12.381626
-4.624814,9,12.38962
-8.107378,9,12.397632
-6.691888,9,12.405695
-7.12374,9,12.413796
-3.867583,9,12.420597
-6.591019,9,12.473609
-4.111329,9,12.481608
-5.219244,9,12.490601
-8.583357,9,12.498611
-2.337077,9,12.505749
-7.757518,9,12.512698
-0.377452,5,12.517309
-5.380193,9,12.524306
-5.408734,9,12.532304
-8.446324,9,12.539308
-6.351901,9,12.592319
0.98486,1,12.594302
-2.88254,9,12.602456
-6.649767,9,12.609369
-7.026207,9,12.617188
-7.439363,9,12.624188
-3.551991,9,12.631191
-2.331724,9,12.638189
-4.804164,9,12.645187
-6.909901,9,12.655198
-5.240963,9,12.705344
0.858443,1,12.708348
-3.858601,9,12.715994
-8.170433,9,12.725129
-6.173545,9,12.733134
-8.903734,9,12.740128
-3.801146,9,12.748124
-8.680298,9,12.755089
-7.481453,9,12.763133
-5.319394,9,12.770131
-6.83116,9,12.823843
-6.893853,9,12.832854
-2.941675,9,12.842854
0.987739,1,12.845773
-8.720828,9,12.85285
-6.074004,9,12.860852
-2.728961,9,12.868845
-8.156262,9,12.877852
-5.184316,9,12.884852
0.836083,1,12.886866
-7.524236,9,12.938729
-0.952122,4,12.943744
-8.927692,9,12.951721
-8.971545,9,12.96173
0.871793,1,12.963724
-4.089838,9,12.970726
-2.146008,9,12.982725
-5.223065,9,12.990721
0.888905,1,12.991719
-7.114767,9,12.999723
0.861284,1,13.047655
-3.558733,9,13.058579
-8.225771,9,13.066575
0.320915,3,13.070575
-7.881107,9,13.078589
-8.424812,9,13.086663
-2.370843,9,13.094658
-6.93283,9,13.101795
-7.029793,9,13.109786
0.886538,1,13.111788
-8.982768,9,13.166514
-6.733077,9,13.175518
-7.793849,9,13.18352
-0.933981,9,13.191506
0.25265,3,13.194526
-8.219308,9,13.202595
-8.721345,9,13.209579
-2.667609,9,13.217226
-8.203932,9,13.224243
-6.23801,9,13.232238
-7.658444,9,13.286318
-6.573936,9,13.294243
-5.045772,9,13.302444
-6.996197,9,13.310447
-5.638774,9,13.318226
-2.067422,9,13.325172
-3.466532,9,13.333215
-8.897748,9,13.340214
-4.482088,9,13.349217
-7.507709,9,13.357253
-5.047529,9,13.411294
-8.950185,9,13.419942
-7.667672,9,13.427942
-5.906063,9,13.435959
-3.691995,9,13.442947
-2.875488,9,13.451019
0.914519,1,13.45302
-6.809948,9,13.460021
-8.517735,9,13.468014
-6.699653,9,13.475023
-8.919894,9,13.527965
-7.496068,9,13.538883
0.861879,1,13.540931
-6.036679,9,13.549922
-5.54204,9,13.558941
-8.504152,9,13.566922
-8.287563,9,13.574849
-6.289601,9,13.582853
-5.890483,9,13.590855
-2.862626,9,13.599864
-3.329591,9,13.655868
0.63579,2,13.659835
-3.80592,9,13.669884
-2.85227,9,13.679873
-8.560418,9,13.686869
-8.619335,9,13.695868
-3.926726,9,13.704001
-5.451699,9,13.712005
0.856581,1,13.715034
-3.198024,9,13.724787
-7.580301,9,13.784858
-6.779472,9,13.794837
-8.436167,9,13.803005
-8.993461,9,13.812019
-5.133002,9,13.819786
-3.700785,9,13.827786
0.965031,1,13.829784
-1.811337,9,13.837786
-5.294561,9,13.845784
-6.642528,9,13.853784
0.785931,2,13.902895
-8.836666,9,13.915937
-8.253337,9,13.924692
-5.428766,9,13.93269
-5.544895,9,13.940689
-3.156702,9,13.94869
-2.25828,9,13.956693
-7.582832,9,13.964686
-8.871596,9,13.973706
0.97912,1,13.975636
-8.44649,9,14.028098
-5.748761,9,14.037104
-8.95884,9,14.047209
-2.384208,9,14.055103
-3.953096,9,14.064059
-2.315191,9,14.074095
0.879664,1,14.076081
-8.096265,9,14.0841
-8.995216,9,14.092101
0.920088,1,14.095098
-8.037143,9,14.148995
-7.667246,9,14.158052
-3.965147,9,14.167028
0.861626,1,14.169019
-3.168948,9,14.178051
-5.194841,9,14.186022
-1.195654,9,14.194044
-8.484431,9,14.202026
-7.632742,9,14.209119
-5.018403,9,14.21716
0.823636,1,14.269846
-7.818851,9,14.27886
-5.9873,9,14.286891
-2.290376,9,14.295945
-3.787463,9,14.304086
-8.766878,9,14.312079
-8.192371,9,14.319859
-5.816305,9,14.329862
-5.63986,9,14.339854
-7.385778,9,14.347863
-8.444855,9,14.40287
-3.054037,9,14.413969
-4.904177,9,14.423239
-8.961683,9,14.435299
-8.126356,9,14.447306
-2.61523,9,14.456303
-0.138285,3,14.460301
-5.824423,9,14.46831
-7.861726,9,14.476303
-8.864368,9,14.484318
-8.229893,9,14.535235
-5.367838,9,14.545141
0.180811,3,14.549141
-3.763886,9,14.557154
0.965044,1,14.560153
-8.926705,9,14.568142
-1.005343,6,14.575163
-5.18129,9,14.584157
-6.205787,9,14.593186
-6.024441,9,14.601156
-8.697686,9,14.656038
-5.589652,9,14.664038
-3.02529,9,14.672109
-2.781828,9,14.681109
-7.388547,9,14.689105
-3.962364,9,14.701119
-8.603916,9,14.711294
-5.497013,9,14.72014
-4.163568,9,14.729154
-8.014066,9,14.741137
-5.145106,9,14.800191
-2.66639,9,14.812287
-3.766087,9,14.820094
-8.670154,9,14.831106
-5.517197,9,14.839087
-0.726504,7,14.846092
-8.048496,9,14.855085
-5.690545,9,14.863104
0.811739,1,14.866094
-7.278268,9,14.876068
-8.68029,9,14.930743
-8.100901,9,14.943776
-6.456693,9,14.952742
-5.878322,9,14.965781
-6.712698,9,14.977755
-4.679461,9,14.986814
-5.881919,9,14.994826
-5.156218,9,15.005965
-6.473992,9,15.015
0.953447,1,15.016965
-7.982972,9,15.074778
-5.267265,9,15.083756
-8.99213,9,15.092756
-2.711766,9,15.101772
-8.515033,9,15.110888
-5.810513,9,15.118891
-5.89309,9,15.128684
-5.894209,9,15.136646
-3.321051,9,15.145612
0.818741,1,15.147612
-6.272149,9,15.209794
-8.976791,9,15.219533
-8.346307,9,15.229696
-7.691047,9,15.237695
-8.608854,9,15.246692
-5.305677,9,15.254694
-7.087738,9,15.264687
-3.013735,9,15.273687
-4.279443,9,15.281717
0.498642,2,15.285687
-3.00505,9,15.336408
-8.765604,9,15.345409
-7.744351,9,15.354425
-5.73257,9,15.362508
-3.786743,9,15.371494
-6.656355,9,15.381498
-6.221846,9,15.390491
-7.821399,9,15.399494
0.948945,1,15.402489
-8.953952,9,15.412622
-7.21398,9,15.470386
-8.743764,9,15.483375
-7.98269,9,15.492378
-8.963485,9,15.502362
-5.444114,9,15.512532
-7.49893,9,15.521311
-7.716532,9,15.531305
-0.022479,3,15.536299
-3.741443,9,15.545303
-1.364316,7,15.552336
0.203371,4,15.60131
-6.943832,9,15.611474
-7.77034,9,15.620132
-8.882429,9,15.629257
-8.151494,9,15.638273
-3.648016,9,15.647269
-8.511903,9,15.656261
-7.552427,9,15.664261
-8.882278,9,15.675267
-8.985682,9,15.684265
-7.404438,9,15.752135
-7.49873,9,15.762135
-4.809008,9,15.771134
0.835969,1,15.773099
-5.19123,9,15.783164
-8.852903,9,15.793133
-8.591219,9,15.802127
-6.650785,9,15.810277
-5.921586,9,15.818268
-6.422995,9,15.827017
-8.632637,9,15.885076
-7.43594,9,15.894069
-8.357847,9,15.903079
-2.999667,9,15.91224
-2.226009,9,15.923074
-3.170345,9,15.931072
0.855057,1,15.934078
-6.217963,9,15.945071
-4.503454,9,15.953067
-4.451612,9,15.96207
-7.493774,9,16.025037
-6.316314,9,16.035052
-8.714625,9,16.045052
-8.997101,9,16.056037
-8.443127,9,16.065036
-5.120804,9,16.074038
0.215039,3,16.078031
-7.476606,9,16.087025
-5.030703,9,16.09503
-7.700658,9,16.105195
-7.785167,9,16.162852
-3.62633,9,16.171866
-8.784081,9,16.181876
-8.044016,9,16.190878
-6.130077,9,16.199866
-8.59054,9,16.208966
-8.895759,9,16.220643
0.909567,1,16.222708
0.816806,1,16.225706
-5.693967,9,16.235734
-4.392198,9,16.288664
-5.664653,9,16.297713
-2.803971,9,16.308851
-2.95111,9,16.316854
0.881453,1,16.320492
-3.284818,9,16.329633
-7.747574,9,16.338628
-8.112561,9,16.347641
-7.671738,9,16.357626
-4.928049,9,16.366631
-8.40423,9,16.41863
-4.159301,9,16.430266
-8.279074,9,16.439308
-3.642078,9,16.447309
0.951993,1,16.44931
-8.994313,9,16.458313
-5.673373,9,16.466307
-2.470762,9,16.475309
-7.603382,9,16.484302
0.92453,1,16.486304
-6.111922,9,16.541213
-6.25187,9,16.550215
0.207341,3,16.554218
-8.75163,9,16.563212
0.82396,1,16.565218
0.909719,1,16.568205
-5.213926,9,16.576209
-5.827112,9,16.586211
0.885162,1,16.588208
-7.64188,9,16.596208
-8.911742,9,16.65018
-6.692198,9,16.659194
-6.866603,9,16.669179
-8.054405,9,16.678172
-5.162222,9,16.689175
-7.914928,9,16.697172
-4.443951,9,16.705174
-3.24247,9,16.715344
-4.801723,9,16.724159
-2.877257,9,16.733162
-6.763424,9,16.794169
-7.405395,9,16.804161
-4.87801,9,16.813308
-5.863322,9,16.82311
-3.708585,9,16.835121
-6.598784,9,16.84411
-2.61001,9,16.854133
-6.714388,9,16.862143
-1.751934,9,16.87211
-5.907683,9,16.881097
-6.970925,9,16.937094
-4.051607,9,16.951061
-7.774323,9,16.961071
0.871969,1,16.963068
-8.927367,9,16.972063
-8.519688,9,16.981091
0.319813,3,16.985091
-7.464146,9,16.994061
-8.911501,9,17.00206
-6.159274,9,17.011231
-4.862287,9,17.072012
-8.817341,9,17.083068
-8.742783,9,17.092061
-7.951332,9,17.10108
-7.861373,9,17.110283
-0.356058,4,17.115253
-6.991979,9,17.125086
-7.110789,9,17.134081
-7.802994,9,17.1431
-1.876012,9,17.153116
-8.556364,9,17.210163
0.947236,1,17.213242
0.89922,1,17.215255
0.879279,1,17.246738
0.825498,1,17.250735
-6.133488,9,17.269806
-2.824303,9,17.279743
0.901338,1,17.284767
-6.205388,9,17.295828
0.817199,1,17.297818
-3.870194,9,17.360507
-5.510536,9,17.370489
-7.790441,9,17.380489
-8.542223,9,17.389478
0.045207,5,17.39549
-3.475795,9,17.404474
-8.280375,9,17.413546
-2.676656,9,17.42384
-6.60778,9,17.431827
-8.465481,9,17.441824
-4.166537,9,17.49684
-4.224295,9,17.505833
-6.808955,9,17.516881
-2.220812,9,17.525011
-8.162181,9,17.53401
-7.973756,9,17.543007
-8.605939,9,17.552006
-6.091389,9,17.561023
-8.356089,9,17.570007
-7.85085,9,17.579995
-6.886835,9,17.629231
-8.025501,9,17.639227
-7.961689,9,17.648237
-8.555973,9,17.657236
-8.964929,9,17.666247
-6.974011,9,17.674222
-7.117904,9,17.683222
-6.595942,9,17.692227
-5.839432,9,17.701221
-8.880821,9,17.709329
0.861756,1,17.762998
-7.823159,9,17.772965
-8.659018,9,17.782983
-8.729322,9,17.791965
-6.462689,9,17.800957
-2.917236,9,17.809017
-4.929493,9,17.818011
-8.595947,9,17.826679
-4.018281,9,17.834684
-6.250321,9,17.844725
0.838368,1,17.891699
-3.927228,9,17.903684
0.313116,3,17.907737
-5.40892,9,17.917737
-5.661782,9,17.925872
-2.960601,9,17.9349
-6.133327,9,17.943872
-7.037498,9,17.951886
0.862973,1,17.954875
0.931237,1,17.956889
-5.040011,9,18.021943
0.93048,1,18.025284
-5.772224,9,18.035308
-8.479948,9,18.045387
-6.964757,9,18.054368
-8.46627,9,18.063396
0.987699,1,18.065369
-7.606953,9,18.074371
-7.388344,9,18.083363
-7.661803,9,18.092363
-7.694301,9,18.147256
-8.679183,9,18.157261
-8.109267,9,18.168237
-8.160072,9,18.176187
-8.748362,9,18.185179
0.969156,1,18.187211
-6.340973,9,18.196186
-2.803958,9,18.205193
-5.020732,9,18.213379
0.19861,2,18.21635
-8.301767,9,18.269107
-4.477529,9,18.279053
-7.659196,9,18.287119
-8.656405,9,18.296126
-2.862486,9,18.304139
-6.496482,9,18.313303
-5.637016,9,18.322303
-5.267133,9,18.3311
-5.318263,9,18.339101
-5.095303,9,18.3481
-3.627057,9,18.40606
-7.874483,9,18.416158
-4.24519,9,18.425099
-6.627719,9,18.434124
0.871552,1,18.437101
-5.034681,9,18.450131
0.959083,1,18.453098
0.965218,1,18.456101
0.929794,1,18.459059
-2.654126,9,18.468126
0.912196,1,18.515093
-7.940129,9,18.523717
-4.803405,9,18.533725
-6.778984,9,18.542719
-5.631763,9,18.551735
-5.071209,9,18.559792
-8.542582,9,18.568796
0.906847,1,18.571729
-8.246352,9,18.580718
-5.864072,9,18.589728
-7.566843,9,18.644634
-2.868196,9,18.654643
0.975222,1,18.65664
-8.439365,9,18.665637
0.989643,1,18.667638
-5.56314,9,18.676635
-4.874698,9,18.685638
-6.508731,9,18.693642
-7.476126,9,18.703645
-7.900023,9,18.712733
-7.806757,9,18.768514
-5.282128,9,18.777507
-2.804468,9,18.786509
-2.222768,9,18.795507
-4.769343,9,18.806512
-5.665153,9,18.815598
-4.846332,9,18.829483
-6.494637,9,18.838443
-8.192377,9,18.846395
-7.387961,9,18.855442
-2.257937,9,18.911595
-3.094737,9,18.922618
0.96877,1,18.925408
-7.275656,9,18.934406
-8.599833,9,18.94339
-4.963008,9,18.952403
-2.927887,9,18.961392
-7.412296,9,18.969388
-2.295681,9,18.97839
-8.641106,9,18.987457
-2.496303,9,19.042327
0.836921,1,19.044327
-7.648975,9,19.054326
0.933675,1,19.056327
0.893371,1,19.059319
-6.493646,9,19.067328
0.473234,2,19.071321
0.602876,2,19.074322
-4.092033,9,19.083328
-8.227596,9,19.092329
-4.573912,9,19.146194
-3.97657,9,19.156186
-8.822109,9,19.165195
-8.737164,9,19.174196
-8.930434,9,19.182214
-5.210833,9,19.191216
-8.555441,9,19.20019
-8.342469,9,19.209313
-8.920508,9,19.218331
0.899265,1,19.219333
0.949832,1,19.265191
-2.242385,9,19.274168
-7.430708,9,19.283162
-7.10652,9,19.292167
-7.712315,9,19.301172
0.85803,1,19.303164
0.818672,1,19.305166
-2.175221,9,19.315323
-5.779173,9,19.32407
-7.953463,9,19.333072
0.929218,1,19.382082
0.927457,1,19.386064
-5.052102,9,19.395066
-7.602506,9,19.404988
-8.684658,9,19.41413
-4.552764,9,19.422786
-8.945702,9,19.431918
-8.491713,9,19.439921
0.879629,1,19.442924
-7.352826,9,19.451887
-6.594362,9,19.505926
-8.392299,9,19.515906
-4.408455,9,19.524634
-6.986345,9,19.533601
-6.616578,9,19.542601
-5.205715,9,19.551612
-7.810422,9,19.560616
0.946221,1,19.563615
-7.195638,9,19.575617
-7.146711,9,19.587637
-5.033408,9,19.642426
-7.726332,9,19.651388
-3.727002,9,19.661394
-6.197623,9,19.669397
-2.495618,9,19.678472
-8.696352,9,19.686468
-4.053362,9,19.696464
-8.126074,9,19.704465
0.812624,1,19.707464
0.860954,1,19.709595
-5.547266,9,19.769378
0.810177,1,19.772371
-6.507883,9,19.781368
-6.691728,9,19.79037
0.939947,1,19.793371
-7.131596,9,19.802366
-2.764214,9,19.811502
-7.55977,9,19.820503
-5.732915,9,19.829267
-7.058546,9,19.837267
-7.834811,9,19.891268
-8.241999,9,19.901262
-4.661986,9,19.909395
-8.052671,9,19.918377
-7.52905,9,19.928248
-5.40132,9,19.937246
-7.67876,9,19.948239
-2.291207,9,19.957277
-3.052422,9,19.966247
-8.042617,9,19.974288
-3.908808,9,20.029194
0.895406,1,20.032232
-6.857707,9,20.042277
-7.434258,9,20.051229
-8.534747,9,20.06023
-8.015489,9,20.069226
-3.957073,9,20.078233
-7.780589,9,20.088185
-8.599397,9,20.096233
-4.824672,9,20.105231
-3.315138,9,20.155149
-6.639334,9,20.164198
-2.737364,9,20.174194
-7.352584,9,20.183226
-7.720138,9,20.1932
-7.037677,9,20.202227
-2.858905,9,20.211335
-5.668759,9,20.220338
-8.764733,9,20.230157
-4.160305,9,20.239123
-7.768827,9,20.298131
-7.769736,9,20.308123
-5.130597,9,20.317309
0.832095,1,20.32029
-7.890217,9,20.3296
-7.086828,9,20.338573
0.358076,3,20.341566
-8.029158,9,20.351592
-8.916738,9,20.360606
-6.936123,9,20.371574
-8.390305,9,20.424431
-7.676024,9,20.434433
-3.393813,9,20.443457
-8.241262,9,20.452429
0.886205,1,20.455436
-8.42435,9,20.463456
-5.159364,9,20.473428
-4.306582,9,20.483434
0.843403,1,20.485431
-3.165699,9,20.494432
-5.239312,9,20.554343
-8.973852,9,20.564273
-5.9664,9,20.573257
-2.699884,9,20.581268
-5.927384,9,20.590253
-8.815824,9,20.600301
-7.178109,9,20.609347
-8.879122,9,20.618342
-7.09861,9,20.627231
-2.534096,9,20.636231
0.848067,1,20.689234
-2.296836,9,20.699232
-6.449908,9,20.710342
-4.026132,9,20.72035
0.896647,1,20.722353
-8.909459,9,20.731088
-3.953983,9,20.741182
-6.82184,9,20.75118
-2.068775,9,20.762192
-6.180849,9,20.771157
-7.534855,9,20.832088
-2.975893,9,20.842091
0.850773,1,20.84508
-6.583059,9,20.857095
-2.34571,9,20.865091
-7.226909,9,20.875093
-5.636483,9,20.884093
-6.83129,9,20.895087
-8.898128,9,20.904099
-8.75371,9,20.912213
-7.128629,9,20.965029
-6.933744,9,20.974039
-8.252504,9,20.983033
-3.01501,9,20.991052
-2.735933,9,21.000032
-4.226811,9,21.009164
-6.060356,9,21.018162
-6.817099,9,21.026923
-7.96379,9,21.035928
-4.429418,9,21.044926
0.96756,1,21.094859
-6.622161,9,21.104918
-7.818662,9,21.115099
-7.325761,9,21.12374
0.393892,3,21.126897
-3.949318,9,21.135897
-7.726959,9,21.146899
0.955209,1,21.148851
0.865781,1,21.150899
-4.255399,9,21.159898
0.958485,1,21.209956
-6.732633,9,21.220037
-2.617403,9,21.228811
-7.254819,9,21.237813
-8.598457,9,21.246812
0.873639,1,21.248813
-8.693279,9,21.257763
-2.02041,9,21.265806
0.903106,1,21.268811
-5.519982,9,21.276811
-8.20815,9,21.336657
-8.578778,9,21.346696
0.99456,1,21.34867
-6.578466,9,21.358661
-3.153449,9,21.367635
-2.368247,9,21.376704
-7.51611,9,21.385626
-6.031598,9,21.393635
0.876082,1,21.395635
0.923373,1,21.398635
-2.572358,9,21.456493
-4.677785,9,21.466487
-2.593073,9,21.476472
0.195238,2,21.479488
-4.931683,9,21.490496
-3.277307,9,21.499492
-5.618896,9,21.508487
-7.574672,9,21.51962
-5.760488,9,21.528407
-6.937107,9,21.539413
-8.957396,9,21.599422
-4.702276,9,21.610532
-8.663859,9,21.620549
-7.755334,9,21.629757
-4.678275,9,21.638748
0.992729,1,21.64176
-7.318106,9,21.650739
-7.861135,9,21.659743
-6.320952,9,21.668744
-8.72461,9,21.679745
-8.443665,9,21.739746
0.907606,1,21.742706
-6.971978,9,21.75367
-4.366733,9,21.762673
0.836226,1,21.764682
-8.989105,9,21.773674
-3.15814,9,21.781668
-8.118792,9,21.791675
-7.499613,9,21.799751
-7.775952,9,21.809904
-8.624743,9,21.864724
0.86607,1,21.866718
-6.454791,9,21.875713
-5.550605,9,21.884722
-6.45591,9,21.892719
-3.212147,9,21.901759
-6.171668,9,21.910866
-8.926812,9,21.920856
-6.456336,9,21.929666
-7.235006,9,21.938672
-2.890641,9,21.993684
-6.867595,9,22.003583
-3.080959,9,22.012641
-5.610648,9,22.022651
0.962535,1,22.026265
-1.279961,4,22.030279
-3.338445,9,22.040296
-8.790392,9,22.050308
0.810503,1,22.053265
-4.985042,9,22.062313
0.989825,1,22.114474
-2.112625,7,22.124406
0.714689,2,22.127255
-8.498287,9,22.139186
-3.001939,8,22.147174
-8.890402,9,22.156177
-4.858773,9,22.165272
-3.076318,9,22.173206
-7.0035,9,22.181249
-8.9271,9,22.190271
-8.592363,9,22.250122
-8.19878,9,22.260056
-6.601764,9,22.26912
-8.728554,9,22.278064
-8.250452,9,22.28705
-8.70211,9,22.297062
-5.864145,9,22.307132
-8.661504,9,22.318284
-7.771917,9,22.327054
0.810294,1,22.33005
-8.434547,9,22.388967
-6.037356,9,22.398973
-8.245297,9,22.411078
-8.818635,9,22.421073
-3.674916,9,22.430713
-8.603263,9,22.439691
-8.194836,9,22.44869
-7.184851,9,22.459696
-5.274901,9,22.469691
-5.585924,9,22.48069
-3.504991,9,22.545295
-8.632222,9,22.55426
-8.285317,9,22.564253
-8.581819,9,22.574273
-8.552564,9,22.58426
-8.114665,9,22.593286
-5.239324,9,22.602255
-8.28126,9,22.611336
-6.831942,9,22.62335
0.859003,1,22.628046
0.854877,1,22.674011
0.564688,2,22.678023
-4.434768,9,22.691013
0.829432,1,22.693026
-8.987148,9,22.703004
-5.460022,9,22.712064
0.886015,1,22.715065
-3.311592,9,22.725625
-6.861709,9,22.733682
-7.426472,9,22.743691
-8.960762,9,22.803703
-7.533518,9,22.812749
-8.503726,9,22.82173
-6.356513,9,22.830376
-8.349135,9,22.840378
-4.645723,9,22.850376
-6.563796,9,22.859376
-7.032886,9,22.868376
-3.67867,9,22.877375
-2.282364,9,22.889373
-2.340162,9,22.951712
-8.908624,9,22.960713
-4.527733,9,22.970709
-5.030856,9,22.979703
-7.406183,9,22.988704
-5.196153,9,22.997709
-5.116641,9,23.005709
-8.608469,9,23.015803
0.851752,1,23.017818
-1.097612,4,23.0228
-7.694494,9,23.082977
-3.183583,9,23.096984
-6.923734,9,23.107996
-8.412358,9,23.119126
-5.599866,9,23.128335
-6.290851,9,23.14135
-4.776679,9,23.154342
-7.373992,9,23.163414
-3.232429,9,23.172441
-6.529913,9,23.181418
-6.440092,9,23.235131
-3.374274,9,23.245135
0.912908,1,23.247123
-5.340095,9,23.258119
-4.290878,9,23.268134
-2.231721,9,23.277134
-2.368302,9,23.288119
-8.961222,9,23.298135
0.974346,1,23.301133
-3.86091,9,23.311214
-3.842616,9,23.363085
-7.69402,9,23.373077
0.943825,1,23.376106
-5.075787,9,23.385076
-8.899891,9,23.395125
-1.752192,9,23.406198
-6.050383,9,23.414274
-3.394516,9,23.424275
-4.795092,9,23.432136
0.95644,1,23.435137
-8.483655,9,23.501065
-8.581253,9,23.511094
-3.306457,9,23.520158
-2.265283,9,23.529797
-7.953125,9,23.538799
-8.668335,9,23.547801
0.927313,1,23.550783
0.886189,1,23.553804
-4.772573,9,23.563819
-7.535039,9,23.5738
-8.986022,9,23.625875
-7.568874,9,23.63728
-3.226471,9,23.64928
-6.839104,9,23.658279
-8.509881,9,23.667365
-6.915194,9,23.678346
-8.692032,9,23.686351
-1.893553,9,23.696343
-6.457657,9,23.705353
-8.647357,9,23.71448
-8.723103,9,23.769201
-7.07632,9,23.779189
-4.050675,9,23.7882
-8.732787,9,23.797212
-8.253264,9,23.806185
-6.567387,9,23.819274
-5.376732,9,23.830003
-5.181566,9,23.839084
-8.049052,9,23.849085
-8.983276,9,23.858082
-3.901934,9,23.91108
-7.251972,9,23.922178
0.158803,3,23.92617
-5.678835,9,23.935617
-8.689271,9,23.946632
0.888285,1,23.949626
0.858615,1,23.951624
-1.453538,9,23.960639
0.857703,1,23.96363
-8.988678,9,23.971692
-7.941058,9,24.027266
-3.662084,9,24.03738
-8.741923,9,24.050375
-4.107151,9,24.059431
-4.471502,9,24.070352
-7.482837,9,24.079468
-8.34292,9,24.087392
-7.03238,9,24.097348
0.999056,1,24.099364
-8.046351,9,24.108349
-0.497397,3,24.159829
-7.010162,9,24.175774
-5.083706,9,24.193776
-4.316483,9,24.207771
-5.626294,9,24.217831
-8.709346,9,24.227397
-7.16414,9,24.238443
-8.543808,9,24.247462
-6.703824,9,24.25645
-6.296582,9,24.26545
-8.333755,9,24.335153
-4.203517,7,24.344162
-8.169338,9,24.353142
-4.984795,9,24.362161
-5.34629,9,24.371147
-7.62548,9,24.380173
-6.674631,9,24.389143
-5.832492,9,24.398169
-2.644941,9,24.406133
0.319242,3,24.411172
-3.792313,9,24.471862
-4.430422,9,24.481874
-2.472977,9,24.490863
-6.870059,9,24.501879
-5.86385,9,24.510856
0.890261,1,24.51392
0.991787,1,24.515947
-4.666834,9,24.52493
-5.420504,9,24.534081
-4.668819,9,24.54312
-4.069273,9,24.595084
-8.948486,9,24.60609
-3.920734,9,24.615135
-7.314997,9,24.623145
-8.992375,9,24.631282
-7.856117,9,24.640284
-6.560529,9,24.649277
-7.212887,9,24.659315
-8.951346,9,24.66828
-4.326217,9,24.677315
-7.922539,9,24.734526
-3.683961,9,24.745526
-8.275184,9,24.753514
-7.981059,9,24.763525
-8.99404,9,24.773535
0.180399,3,24.777519
-4.513792,9,24.786525
0.972051,1,24.789526
-4.371334,9,24.799526
0.841494,1,24.801545
-4.226827,9,24.855186
-3.07109,9,24.864186
0.935539,1,24.866193
0.989902,1,24.869185
-7.472791,9,24.878188
0.977706,1,24.880189
-4.628095,9,24.890183
0.829249,1,24.8922
-4.7332,9,24.902198
-3.595464,9,24.912184
0.983787,1,24.967916
-8.923009,9,24.980901
-6.192971,9,24.989884
-2.24993,9,24.9999
-6.455348,9,25.008886
-8.148985,9,25.019939
-5.348307,9,25.028974
-8.844118,9,25.038127
-7.167069,9,25.048129
-8.121903,9,25.05715
0.925912,1,25.107127
-8.775538,9,25.118184
-6.569804,9,25.1272
-4.62452,9,25.136648
-8.12209,9,25.145632
0.830895,1,25.148645
-6.250515,9,25.157637
-7.250822,9,25.167641
-8.238816,9,25.179654
-6.050399,9,25.19364
-5.790798,9,25.259389
0.89569,1,25.262361
-7.390791,9,25.273389
-5.111507,9,25.283355
-2.517241,9,25.294353
-2.000588,9,25.303356
-8.014271,9,25.314378
-7.772612,9,25.326496
0.204826,3,25.330605
-7.387325,9,25.339589
-4.445697,9,25.396587
0.902037,1,25.4006
-0.605091,5,25.406596
-8.921986,9,25.415651
-8.746718,9,25.424647
-8.085497,9,25.433905
-8.209767,9,25.444905
0.894453,1,25.447905
-6.933429,9,25.456897
-1.731065,9,25.465901
0.501878,3,25.522995
-7.761894,9,25.536238
-8.99415,9,25.545281
0.93876,1,25.549238
-8.946353,9,25.558274
-8.26927,9,25.567229
-3.861944,9,25.577238
-7.600485,9,25.58725
-0.164793,2,25.591245
-1.964764,9,25.602248
-5.302197,9,25.662984
-4.420505,9,25.674986
-7.735944,9,25.684983
-5.938121,9,25.69398
0.892872,1,25.695996
-2.388996,9,25.706006
-3.916164,9,25.714983
-6.42505,9,25.725066
0.920148,1,25.72707
-5.99113,9,25.737676
-8.4215,9,25.796709
-3.003315,9,25.806686
-3.644066,9,25.816729
-7.807766,9,25.825729
-2.331923,9,25.834866
-6.80464,9,25.844865
-2.790669,9,25.854859
-0.322373,7,25.863862
-3.585303,9,25.872853
-5.101475,9,25.881861
0.951144,1,25.933371
-6.420974,9,25.943317
0.826696,1,25.946311
-6.403591,9,25.955328
-6.659378,9,25.964318
-3.052976,9,25.973317
-3.078655,9,25.982332
-5.690589,9,25.991328
-8.954105,9,26.00033
-7.9544,9,26.009342
-5.742521,9,26.069107
-8.215949,9,26.081097
-8.087797,9,26.091058
-6.224346,9,26.100057
0.812946,1,26.103063
-3.425465,9,26.113059
-7.839015,9,26.123155
-8.23328,9,26.132649
-8.132429,9,26.142631
-8.932716,9,26.153633
-8.633227,9,26.208609
-3.663923,9,26.217693
-8.847243,9,26.22671
0.465051,3,26.231266
-0.402244,7,26.239353
-8.833903,9,26.248336
-6.920696,9,26.258322
-7.777653,9,26.26732
-4.603758,9,26.277337
-2.770536,9,26.286356
-8.649909,9,26.343569
-7.306165,9,26.352577
-7.426321,9,26.361567
-8.736752,9,26.370582
-0.534108,3,26.374559
-4.234603,9,26.383559
-3.109889,9,26.392559
-1.764467,9,26.401577
0.877252,1,26.403558
0.906831,1,26.405571
-7.853933,9,26.461832
-8.988319,9,26.471832
-4.541952,9,26.481817
0.926314,1,26.483847
-8.647883,9,26.492828
0.968357,1,26.494843
-3.859087,9,26.505832
-8.061742,9,26.515834
-7.475437,9,26.525044
0.980077,1,26.528049
-7.272112,9,26.584786
-6.963992,9,26.595782
-7.782351,9,26.604815
-5.360908,9,26.612783
-2.551851,9,26.622854
-3.908336,9,26.633615
-3.882741,9,26.642689
0.969648,1,26.64473
0.936948,1,26.64669
-5.563239,9,26.655688
-8.429257,9,26.710624
-8.451828,9,26.720745
-5.352735,9,26.729734
-8.025384,9,26.738487
0.927332,1,26.741473
-6.848252,9,26.751473
-5.282014,9,26.760468
-8.909613,9,26.769493
-7.724398,9,26.777505
-7.114156,9,26.787463
-3.618618,9,26.845228
-3.754491,9,26.85825
-7.81867,9,26.867231
-7.693847,9,26.876241
-5.467962,9,26.886225
-7.746945,9,26.89624
-6.423836,9,26.905306
0.869593,1,26.908309
-5.522865,9,26.91843
-8.553676,9,26.927399
-6.348259,9,26.98208
-8.514437,9,26.992113
-4.434219,9,27.001105
-6.620509,9,27.010083
-4.004074,9,27.019237
-4.827273,9,27.031199
-7.267778,9,27.040848
-6.057035,9,27.048831
-5.920023,9,27.058833
-7.900936,9,27.067842
-6.25504,9,27.118871
-7.006056,9,27.128869
-8.384844,9,27.139023
-8.938962,9,27.149024
-6.844997,9,27.158024
0.856934,1,27.161018
0.828393,1,27.163033
-7.984622,9,27.172014
-8.414255,9,27.181019
-2.575981,9,27.190017
-4.082782,9,27.24527
-5.796407,9,27.255291
-3.930487,9,27.264295
-7.923461,9,27.273273
-5.719927,9,27.281303
0.942429,1,27.283296
-8.859909,9,27.292265
-2.771937,9,27.301289
-8.988195,9,27.311273
-2.753581,9,27.320352
-5.873871,9,27.375623
-5.248012,9,27.384614
-5.805562,9,27.393618
-6.95388,9,27.402617
-2.48394,9,27.410624
-7.55402,9,27.419702
-3.162661,9,27.428666
-1.832674,9,27.437316
0.917449,1,27.439337
-2.847447,9,27.448327
-2.700327,9,27.512327
-8.751956,9,27.52338
-7.576656,9,27.53138
-7.17336,9,27.541504
-7.630635,9,27.550517
-6.179209,9,27.55855
-8.873828,9,27.568547
-0.61845,3,27.572521
-7.933698,9,27.581511
-7.717137,9,27.589517
-8.404957,9,27.644082
-7.660893,9,27.654029
-5.722357,9,27.664029
0.903456,1,27.666043
-4.521517,9,27.675044
-5.678721,9,27.686029
0.665966,2,27.690049
-7.119629,9,27.699022
-8.571265,9,27.708033
-6.116198,9,27.717033
-7.416212,9,27.780774
-5.780123,9,27.789732
-8.70537,9,27.799765
-8.500675,9,27.808738
-8.160092,9,27.816738
-6.434715,9,27.825804
-7.33866,9,27.834923
-2.964126,9,27.843926
-8.704259,9,27.852919
-2.934231,9,27.861924
-4.556171,9,27.927017
-7.152226,9,27.936683
-5.242048,9,27.945692
-7.251186,9,27.955683
-2.303005,9,27.964718
-4.017815,9,27.974682
0.844445,1,27.977684
-5.882006,9,27.986686
-4.226924,9,27.995697
-6.787745,9,28.005676
-4.875474,9,28.059362
-7.150668,9,28.068362
-8.133705,9,28.077353
-8.453846,9,28.087354
0.939379,1,28.089369
-4.259186,9,28.098362
-4.204091,9,28.107362
-6.368789,9,28.116355
-6.726772,9,28.125419
-7.219131,9,28.134413
-6.780173,9,28.202525
-6.386627,9,28.212526
-3.585199,9,28.221565
-6.456032,9,28.233557
-2.559159,9,28.241742
-7.164412,9,28.252741
-1.754142,9,28.261733
-8.177358,9,28.269742
-2.813962,9,28.279757
-8.82406,9,28.288757
-7.567125,9,28.341161
-7.320379,9,28.350157
0.917251,1,28.353186
-4.917777,9,28.364202
-3.056786,9,28.37416
-7.264965,9,28.384167
0.850486,1,28.387239
-7.165175,9,28.396218
-2.633641,9,28.405253
-3.669928,9,28.414256
-1.873656,9,28.473075
-6.159382,9,28.483068
-2.671222,9,28.492083
-7.39116,9,28.505118
-7.38126,9,28.515102
-8.710908,9,28.524156
-4.076326,9,28.536806
-5.107853,9,28.545818
-7.643265,9,28.554815
-3.620089,9,28.563803
-8.709981,9,28.616804
-8.067664,9,28.625849
-5.022471,9,28.635457
0.913168,1,28.638543
-8.915353,9,28.64751
0.82161,1,28.649517
-2.170913,9,28.659524
-8.337187,9,28.668541
-5.892517,9,28.677541
-7.12774,9,28.686532
-2.517446,9,28.741809
-8.979653,9,28.752776
-6.837826,9,28.762776
-8.25368,9,28.770804
-4.245867,9,28.779767
-4.253605,9,28.78879
-7.241665,9,28.79782
-5.127665,9,28.806772
-5.938012,9,28.81778
-5.317709,9,28.826847
-3.436758,9,28.904002
-6.45225,9,28.914001
-8.742409,9,28.931144
-8.313828,9,28.940317
-1.981506,9,28.949325
0.932742,1,28.952276
-0.073588,5,28.957276
-7.796196,9,28.966276
-7.895599,9,28.975277
-8.121516,9,28.983277
-5.632276,9,29.04256
0.841853,1,29.044563
-8.847882,9,29.054554
-4.531806,9,29.063563
-8.318816,9,29.073533
-8.750064,9,29.082532
-4.502119,9,29.090525
-8.497191,9,29.099545
-3.795919,9,29.107533
-8.783239,9,29.116551
-2.566695,9,29.175378
-2.437047,9,29.185333
-7.127781,9,29.194357
0.167365,3,29.198352
-8.185639,9,29.207335
-8.531939,9,29.216377
-8.676402,9,29.225497
0.906986,1,29.227497
-7.066797,9,29.238304
-8.85595,9,29.248306
-2.735917,9,29.304307
-7.46647,9,29.313236
0.816443,1,29.31524
-8.372009,9,29.32533
-2.808204,9,29.334403
-4.798574,9,29.342643
-6.938561,9,29.350715
-7.963155,9,29.359683
-0.672315,6,29.365687
-8.550001,9,29.374683
-3.999277,9,29.43467
-1.743271,9,29.445366
-3.746869,9,29.454337
-8.012076,9,29.46437
-1.923646,9,29.476339
-7.735838,9,29.485345
-4.993356,9,29.496427
-4.871325,9,29.506423
-4.510365,9,29.519347
-4.741751,9,29.529414
-4.158252,9,29.586066
-5.538767,9,29.597055
-6.496613,9,29.606076
-1.205156,4,29.612062
-4.676667,9,29.623188
-6.642241,9,29.631158
-8.332792,9,29.642891
-7.884954,9,29.650899
0.026439,3,29.654889
0.946433,1,29.657893
-8.686747,9,29.713898
0.826647,1,29.715898
-8.947716,9,29.726064
-8.869249,9,29.736093
-6.455457,9,29.746045
-7.141986,9,29.756039
-7.231232,9,29.766055
-4.288276,9,29.776045
-7.601346,9,29.785003
0.916127,1,29.78804
-0.916507,5,29.846814
0.872783,1,29.848799
0.994458,1,29.851804
0.30533,3,29.856826
-2.964197,9,29.867824
-6.148357,9,29.877816
-3.090555,9,29.886786
-5.716687,9,29.8968
-7.541719,9,29.905801
-8.616644,9,29.915872
0.913692,1,29.960578
0.835938,1,29.963546
0.202678,3,29.968562
-3.460256,9,29.978554
-5.364793,9,29.987551
-6.862648,9,29.997561
-5.253717,9,30.00655
-5.122898,9,30.015563
-2.390946,9,30.025606
-6.780988,9,30.034614
-8.181318,9,30.086351
-4.228427,9,30.097353
-7.697364,9,30.106332
-8.7393,9,30.116317
-8.71901,9,30.12643
-3.699567,9,30.136416
-7.917216,9,30.145083
-3.320612,9,30.153089
-5.880151,9,30.164086
-8.389148,9,30.175093
-8.111429,9,30.228216
-8.338422,9,30.237213
-7.731774,9,30.248034
-2.574411,9,30.256041
-5.345823,9,30.267031
-3.241644,9,30.27606
-5.307943,9,30.284077
-8.801359,9,30.294058
-7.199882,9,30.303031
-7.2311,9,30.313032
0.880266,1,30.360788
-0.869278,5,30.369828
-4.760051,9,30.38279
-7.247933,9,30.391793
0.923383,1,30.393788
-8.249837,9,30.402788
0.959148,1,30.40581
-3.094587,9,30.414786
-8.984179,9,30.424028
-5.624991,9,30.433023
-8.723769,9,30.484776
-6.977111,9,30.496818
-6.578749,9,30.505783
-7.861726,9,30.515791
-7.53075,9,30.525856
-8.201463,9,30.534859
-6.127106,9,30.54466
0.611934,2,30.547666
-8.047885,9,30.556663
-6.942609,9,30.566638
-7.052737,9,30.620661
-8.823593,9,30.634795
-8.19026,9,30.646484
-6.927057,9,30.655471
-3.498635,8,30.663475
-8.397394,9,30.673408
-1.142703,9,30.683402
-7.373341,9,30.691403
-8.848702,9,30.701402
-5.236551,9,30.709488
-6.318808,9,30.767237
-2.621925,9,30.777237
-4.692937,9,30.788249
-6.282567,9,30.797258
-6.526341,9,30.807249
-7.482986,9,30.815323
-8.774712,9,30.824315
-5.920649,9,30.833494
-8.645194,9,30.842305
-8.984719,9,30.850322
-7.366667,9,30.905312
-5.645253,9,30.915329
-3.283832,9,30.926393
-5.137851,9,30.935388
-7.284818,9,30.944665
-6.888548,9,30.954657
-8.508526,9,30.963662
-8.955363,9,30.973662
-7.800205,9,30.982705
-8.871166,9,30.990662
-8.613755,9,31.045209
-8.549171,9,31.056204
-7.477638,9,31.067231
-7.84832,9,31.07621
-8.211945,9,31.085218
-5.151973,9,31.101199
-8.853654,9,31.110143
-8.475134,9,31.123114
0.891429,1,31.125264
-5.959157,9,31.134257
-4.439157,9,31.194883
-6.277735,9,31.204877
-8.716746,9,31.212878
-8.99765,9,31.221923
0.816675,1,31.223891
-8.240604,9,31.232974
-3.707018,9,31.242258
-4.994445,9,31.250248
-3.188512,9,31.259242
-5.013049,9,31.267235
-6.672946,9,31.326319
-6.632231,9,31.33532
-4.668805,9,31.345506
0.980742,1,31.347506
-4.053075,9,31.357507
-5.292817,9,31.365507
-2.627316,9,31.374506
-2.584509,9,31.383502
-6.830567,9,31.392504
-7.867723,9,31.401506
0.511889,3,31.454986
-5.752605,9,31.465996
-2.194499,9,31.474993
0.969589,1,31.477993
-8.189559,9,31.487993
-6.445635,9,31.496993
0.832158,1,31.499995
-4.791655,9,31.507984
-2.286487,9,31.516997
0.844144,1,31.519009
-8.522689,9,31.574689
-8.01497,9,31.58372
-4.078604,9,31.592711
-2.506941,9,31.60169
-8.573913,9,31.609689
-8.199674,9,31.619684
-8.035677,9,31.627749
-8.908789,9,31.63675
-3.535391,9,31.645886
-6.600008,9,31.653893
-8.123329,9,31.707889
0.861212,1,31.710889
-8.512864,9,31.720882
0.871787,1,31.725885
-8.414398,9,31.735938
-8.531215,9,31.745036
-6.847543,9,31.754053
-8.472114,9,31.763047
-8.340469,9,31.772047
-2.74793,9,31.781045
-8.314234,9,31.835112
-4.714668,9,31.846374
-8.008122,9,31.858373
-3.98984,9,31.868366
-7.81188,9,31.877366
-6.850141,9,31.886373
-8.744325,9,31.895422
-6.311691,9,31.904373
-8.270239,9,31.915391
-8.776184,9,31.924379
0.873166,1,31.974591
-3.662931,9,31.984591
-3.089219,9,31.994591
-8.291662,9,32.003592
-3.022159,9,32.01159
0.936934,1,32.014585
-7.184946,9,32.023591
0.968855,1,32.0256
0.96336,1,32.028659
-6.697353,9,32.036657
-0.20746,3,32.086392
0.948516,1,32.090347
-8.630191,9,32.099326
-3.189279,9,32.11037
0.943625,1,32.11333
0.967348,1,32.116326
-0.295363,4,32.121341
0.851965,1,32.123332
-6.574821,9,32.132528
-8.855432,9,32.143304
0.84844,1,32.190299
-6.30968,9,32.200302
0.971073,1,32.202304
-7.560292,9,32.213301
-3.292003,9,32.222258
-5.575701,9,32.231314
-3.872242,8,32.239304
-8.474178,9,32.24746
-4.807758,9,32.257449
0.931459,1,32.260452
-6.953995,9,32.315447
-7.199031,9,32.324468
-4.300881,9,32.334507
-3.658555,9,32.344034
-3.083937,9,32.353038
0.929948,1,32.356039
-4.539703,9,32.364064
-3.086311,9,32.373043
-8.145975,9,32.383041
-6.410327,9,32.391038
-6.779345,9,32.442664
-6.036589,9,32.45172
-5.851882,9,32.462738
-8.685408,9,32.471716
-3.489359,9,32.47976
-8.007531,9,32.48873
-2.256476,9,32.497716
-5.157809,9,32.506716
-5.832395,9,32.515733
-2.318905,9,32.524719
0.958105,1,32.579482
-8.941188,9,32.589483
-5.788413,9,32.598505
-7.605065,9,32.607515
-8.636544,9,32.616487
-8.817236,9,32.625476
-6.963972,9,32.633562
-7.895029,9,32.644192
-6.656074,9,32.653227
-2.436048,9,32.662184
-3.954688,9,32.716191
-5.421506,9,32.72622
-1.953476,9,32.735267
-5.468469,9,32.74441
-8.641933,9,32.753405
0.960678,1,32.755431
-6.728059,9,32.764407
0.815582,1,32.767416
-5.035482,9,32.776403
-5.998937,9,32.785438
-2.810288,9,32.84349
-7.656131,9,32.853654
-8.624693,9,32.862629
-7.0712,9,32.871618
-6.986327,9,32.881642
-3.862979,9,32.890633
-7.235757,9,32.901657
-6.089314,9,32.910619
-5.609902,9,32.919621
0.835188,1,32.921647
-8.489248,9,32.977914
-3.796379,9,32.98692
-4.629032,9,32.995925
-4.618357,9,33.004925
-2.492127,9,33.012921
-8.948143,9,33.021921
-1.701539,6,33.027924
0.814405,1,33.030009
-8.524539,9,33.039012
-6.797692,9,33.047092
-7.711267,9,33.114092
-8.59567,9,33.123096
-7.885761,9,33.132145
0.919682,1,33.135154
-6.503507,9,33.143149
-6.125068,9,33.151785
-8.585646,9,33.1608
-5.280614,9,33.168782
-8.962469,9,33.177832
-7.706528,9,33.186796
0.997002,1,33.23285
-8.882437,9,33.242849
-8.84492,9,33.253481
-5.677711,9,33.262518
-3.902616,9,33.270481
-4.233997,9,33.280481
-3.830106,9,33.289486
-1.96021,9,33.298486
0.898223,1,33.301488
-7.08036,9,33.309485
-7.745515,9,33.367733
-5.781285,9,33.37677
-6.649725,9,33.385743
0.94493,1,33.388728
-6.017712,9,33.397722
-8.415455,9,33.405738
-7.241584,9,33.415729
-4.805116,9,33.423722
0.737673,2,33.427732
-6.951465,9,33.435796
-6.039685,9,33.489462
-8.853178,9,33.498487
-7.159065,9,33.507467
-6.272988,9,33.516459
0.910719,1,33.519469
-6.63924,9,33.527466
-4.102209,9,33.536541
-6.237051,9,33.547169
-4.483451,9,33.556173
-5.557344,9,33.565173
-6.955396,9,33.624204
-8.40732,9,33.634221
-7.806503,9,33.643221
-7.756982,9,33.651415
-7.952821,9,33.660423
-3.333526,9,33.668419
-4.865599,9,33.677419
0.240394,3,33.681419
-8.959519,9,33.689419
-7.270649,9,33.698409
-6.610875,9,33.756109
-2.011194,9,33.7661
-4.287224,9,33.775115
-2.868423,9,33.784098
-6.291792,9,33.7921
-8.054455,9,33.801115
-7.428011,9,33.810115
-6.376934,9,33.825115
-4.882951,9,33.834159
-4.249445,9,33.843159
-5.834807,9,33.89577
-5.782735,9,33.90577
-3.601208,9,33.914772
-6.082706,9,33.923765
-7.117834,9,33.933814
-1.996973,9,33.942815
-8.829704,9,33.951492
-3.118595,9,33.959513
-5.969535,9,33.967484
0.295927,4,33.973492
-8.375815,9,34.024516
-6.839383,9,34.034574
-6.672088,9,34.043577
-8.104839,9,34.053222
-3.401255,9,34.062202
-8.58012,9,34.072188
-6.833875,9,34.082204
-8.844486,9,34.090199
0.463436,3,34.095193
-5.502721,9,34.104203
-8.968416,9,34.166959
0.904383,1,34.169982
-7.03672,9,34.181022
-6.805745,9,34.188959
-8.913473,9,34.198973
-5.187778,9,34.207959
-7.768943,9,34.218981
-4.984857,9,34.228973
0.936517,1,34.232041
0.921063,1,34.235041
-6.695359,9,34.288644
-4.176271,9,34.298643
-3.331138,9,34.307648
-5.564944,9,34.316644
-7.814301,9,34.32566
-8.89376,9,34.334776
-4.652521,9,34.342763
-3.360643,9,34.352032
-3.420102,9,34.361051
-7.903956,9,34.370027
-6.950988,9,34.432246
-3.169172,9,34.44225
0.930856,1,34.443253
-3.03975,9,34.453097
-4.763519,9,34.462095
-4.23424,9,34.471094
-3.575861,9,34.479101
0.956722,1,34.482088
-1.998402,9,34.489091
0.864626,1,34.492105
-7.945409,9,34.55051
-8.540057,9,34.559491
-8.264356,9,34.57049
-2.062275,9,34.580423
-8.683339,9,34.588411
-7.02577,9,34.59943
-6.651563,9,34.608436
-3.345599,9,34.617428
-3.70169,9,34.62742
-4.88616,9,34.639481
-6.232852,9,34.695162
-6.610917,9,34.705155
-8.979776,9,34.714162
-8.96252,9,34.724162
-7.194718,9,34.733211
-4.107168,9,34.742215
-2.494364,9,34.750853
-6.936098,9,34.75882
-8.956049,9,34.767822
-3.120007,9,34.775819
-6.062827,9,34.829819
-6.461859,9,34.840011
-2.893604,9,34.84914
-7.975292,9,34.857138
-0.71529,8,34.865145
-8.590295,9,34.874146
-5.946346,9,34.884145
0.935554,1,34.886146
-4.124596,9,34.895212
-5.674386,9,34.906197
-5.526883,9,34.972425
-3.533234,9,34.983421
-0.915306,3,34.989421
-4.375394,9,34.99843
-7.106359,9,35.007423
-5.221866,9,35.016438
-2.712733,9,35.026499
-4.213299,9,35.035643
-4.271762,9,35.043632
-8.628972,9,35.053454
-8.374022,9,35.113342
-3.573601,9,35.123415
-8.909341,9,35.131425
-8.882417,9,35.140566
-8.771712,9,35.14854
0.86741,1,35.150381
-5.12629,9,35.159383
-8.125041,9,35.17038
-8.94158,9,35.179343
-3.323195,9,35.188386
-8.544452,9,35.247606
-6.644648,9,35.257379
0.848847,1,35.259374
-8.206531,9,35.270373
-5.418233,9,35.279376
-5.917554,9,35.290375
-4.38269,9,35.29937
-5.752957,9,35.308373
-8.110931,9,35.317376
-6.569209,9,35.326293
-7.972633,9,35.381289
-8.838367,9,35.391297
-3.843498,9,35.400204
0.950771,1,35.403204
-8.126047,9,35.411213
-8.986787,9,35.422218
-3.524801,9,35.431223
-8.92303,9,35.439262
-7.389749,9,35.451875
-8.765114,9,35.46086
-1.772447,9,35.519897
-5.399703,9,35.528882
-1.874925,8,35.538929
-8.528679,9,35.546916
-8.585854,9,35.55608
-3.307352,9,35.565082
-8.972564,9,35.575066
-5.833042,9,35.584143
-8.053669,9,35.59414
0.954971,1,35.597163
-6.123352,9,35.656424
0.420802,3,35.660416
0.94,1,35.662421
-7.590918,9,35.671423
-7.375028,9,35.680423
-3.31252,9,35.688422
-7.684093,9,35.697414
-3.341728,9,35.706488
-4.467026,9,35.716487
-6.636349,9,35.726486
-7.99589,9,35.777379
-6.377451,9,35.78932
-7.695296,9,35.800313
-4.203669,9,35.809298
-8.927576,9,35.817304
-5.219043,9,35.826308
-5.983214,9,35.835379
-8.37959,9,35.844384
0.937678,1,35.847381
-3.361151,9,35.857052
0.823624,1,35.910043
-2.494515,9,35.920057
-7.541141,9,35.929054
-4.309523,9,35.938114
-4.152721,9,35.947189
-2.160152,9,35.956027
-2.594875,9,35.965006
-4.364262,9,35.975011
-8.123681,9,35.984002
-5.705247,9,35.993042
-3.958929,9,36.047058
0.821703,1,36.050077
-2.781091,9,36.058756
-8.327469,9,36.067756
-7.979874,9,36.076756
-5.961057,9,36.085754
-0.325451,3,36.090758
-7.388264,9,36.100824
0.842064,1,36.103825
0.91959,1,36.106821
-8.633077,9,36.16385
-8.491772,9,36.174773
-5.020716,9,36.184866
-4.237551,9,36.193857
-8.127627,9,36.202851
-8.632593,9,36.210857
-5.347114,9,36.219851
-7.738657,9,36.22785
-3.649407,9,36.236993
-3.811435,9,36.24499
-8.75366,9,36.296771
-8.671377,9,36.306718
-2.078076,9,36.315766
-7.479884,9,36.325758
-8.739056,9,36.334763
-2.891919,9,36.3429
-7.717182,9,36.351674
-6.691385,9,36.361667
0.960409,1,36.363669
-5.618695,9,36.37267
-8.659982,9,36.427592
-5.991146,9,36.436647
-4.173865,9,36.447665
-7.861435,9,36.457269
0.077979,4,36.463259
-6.8118,9,36.473287
-6.176554,9,36.482251
-7.215643,9,36.490263
0.893487,1,36.493256
0.852041,1,36.496257
-7.343674,9,36.551544
-3.491968,9,36.561499
-7.347516,9,36.571522
-3.53871,9,36.580516
-8.976837,9,36.594503
-8.712139,9,36.618502
-4.131453,9,36.640559
-6.523523,9,36.650556
-7.003937,9,36.662688
-8.402546,9,36.677706
-0.27445,6,36.728691
-7.152437,9,36.738766
-3.32523,9,36.746764
-8.207962,9,36.755915
-5.864116,9,36.764924
-6.798151,9,36.772915
-7.585936,9,36.78193
0.753219,2,36.784923
-3.446249,9,36.79394
-8.634158,9,36.802936
-6.956839,9,36.856123
0.919273,1,36.859123
-6.349955,9,36.868133
-8.199356,9,36.877228
0.819356,1,36.879208
-6.966621,9,36.889201
-7.329933,9,36.898205
-2.744643,9,36.907202
-7.571243,9,36.916206
-8.251668,9,36.928138
-3.72615,9,36.982913
-7.971563,9,36.992944
-8.74524,9,37.001935
-0.343575,6,37.008896
-6.940256,9,37.016923
-7.665848,9,37.025976
-1.877565,9,37.034979
-6.380171,9,37.043144
-8.911199,9,37.053017
-7.140109,9,37.062009
-8.100405,9,37.11793
-7.675263,9,37.127945
-4.498227,9,37.137043
-7.712094,9,37.146038
-8.778346,9,37.15476
-6.677398,9,37.163793
-8.883629,9,37.173797
-3.379727,9,37.182794
-2.644032,9,37.190809
0.868806,1,37.193794
-5.327333,9,37.2532
-8.699858,9,37.264196
-8.431264,9,37.274203
-5.13509,9,37.284207
-7.11117,9,37.292235
-8.974672,9,37.302212
-1.775674,9,37.310275
-3.716925,9,37.319282
-8.273083,9,37.330239
0.852703,1,37.333287
-8.102099,9,37.398141
-8.756438,9,37.409147
0.95963,1,37.412146
0.881987,1,37.41415
-3.723457,9,37.423142
-3.602045,9,37.434144
-5.646115,9,37.444313
-6.323653,9,37.45322
-2.176777,9,37.461221
-7.911298,9,37.470244
-8.297579,9,37.526153
-8.356685,9,37.535153
-7.16956,9,37.544211
-6.733646,9,37.552901
-5.439824,9,37.561938
-4.118385,9,37.572905
-6.557803,9,37.583998
-3.016352,9,37.592969
-5.251249,9,37.601986
-8.641216,9,37.611887
-1.979936,9,37.66681
-7.647947,9,37.676795
-4.266957,9,37.685833
-5.14288,9,37.694809
-3.73716,9,37.702835
-5.027838,9,37.712873
0.95871,1,37.714873
-5.51913,9,37.723886
0.915403,1,37.725875
-3.938615,9,37.734875
-3.32916,9,37.788751
0.825446,1,37.791725
-7.476012,9,37.802726
-6.660258,9,37.811736
-5.056047,9,37.820747
-1.954643,5,37.825732
-8.732192,9,37.834833
-3.019529,9,37.844964
-4.355071,9,37.854852
-4.698326,9,37.865873
-8.036641,9,37.916779
-7.933908,9,37.926786
-8.236145,9,37.935784
-8.425019,9,37.944875
-6.735668,9,37.953483
-3.113339,9,37.964617
-8.917293,9,37.973536
-5.743854,9,37.983626
-4.117095,9,37.993543
-6.004153,9,38.002545
-8.682177,9,38.066268
-6.123518,9,38.076239
-1.889298,9,38.085276
0.299281,3,38.089254
-7.261197,9,38.099254
-2.963791,9,38.108254
-2.036275,9,38.118239
-4.691662,9,38.12824
-6.746067,9,38.137237
-8.552696,9,38.147316
-8.620066,9,38.203981
-7.216349,9,38.212998
-7.029747,9,38.223002
0.943712,1,38.225997
-8.75238,9,38.235003
-8.602219,9,38.244142
-8.566653,9,38.253741
-7.939756,9,38.261884
-7.016571,9,38.27088
-3.442985,9,38.279879
-4.148124,9,38.352024
-7.293446,9,38.361369
-5.546927,9,38.373365
-4.784784,9,38.382375
-6.395677,9,38.393371
-6.123127,9,38.401386
-8.7029,9,38.41137
0.938822,1,38.414369
-7.572454,9,38.423381
-8.982014,9,38.432369
-3.221342,9,38.491182
-3.033465,9,38.500164
-8.909302,9,38.513182
-7.626171,9,38.522179
-8.33391,9,38.531179
-8.346969,9,38.540226
0.958942,1,38.543227
-2.83396,9,38.553241
-7.858092,9,38.561402
-8.788047,9,38.571391
-8.248423,9,38.626403
-7.68255,9,38.637405
-8.035794,9,38.647451
-4.03321,9,38.655571
0.823904,1,38.658577
0.886348,1,38.660612
-6.903166,9,38.669571
-8.209363,9,38.678571
-4.756912,9,38.689604
-6.474911,9,38.698572
-6.910451,9,38.751662
-4.277025,9,38.760761
-3.645945,9,38.769777
-8.267416,9,38.778765
-6.538123,9,38.788756
-8.807197,9,38.797755
-5.486311,9,38.807759
-5.969391,9,38.816758
-0.217565,5,38.822749
-8.767343,9,38.830754
0.990553,1,38.879483
0.421395,3,38.885484
-6.732176,9,38.895486
-2.156456,9,38.904484
-2.672401,9,38.913497
-6.560084,9,38.922479
-7.154526,9,38.932488
-7.247756,9,38.940529
-3.090332,9,38.949535
0.913005,1,38.952532
-4.3283,9,39.005122
-4.99333,9,39.015114
-8.478484,9,39.024111
-5.793056,9,39.033122
-2.184087,9,39.041173
-6.208468,9,39.050186
-1.884174,9,39.059305
-8.382582,9,39.069307
-3.502032,9,39.077307
-7.096908,9,39.086313
-6.099605,9,39.147362
-5.932795,9,39.156511
-5.44785,9,39.167505
-7.914592,9,39.175504
-8.824378,9,39.185534
-8.874362,9,39.194511
-6.295317,9,39.204511
0.824999,1,39.207511
-5.502269,9,39.216511
-8.675658,9,39.224504
-3.048535,9,39.28424
-7.988919,9,39.293232
-7.778272,9,39.302232
-5.267491,9,39.310232
-3.445649,9,39.319241
-7.731343,9,39.327235
-2.742681,9,39.336234
-8.035487,9,39.344323
-5.3243,9,39.353328
-4.810039,9,39.362966
-7.409823,9,39.421971
-8.192382,9,39.431967
0.998382,1,39.434967
0.854523,1,39.43796
-8.845066,9,39.447019
-4.228699,9,39.456031
0.230349,3,39.459706
-3.45394,9,39.467685
-8.594419,9,39.476696
-5.417164,9,39.484687
-2.443174,9,39.535689
-5.790438,9,39.545781
-8.912036,9,39.554805
0.932584,1,39.558434
-3.993371,9,39.566424
0.911421,1,39.569436
-8.44836,9,39.578424
-3.153781,9,39.589467
0.890376,1,39.592429
-8.981179,9,39.601452
-6.141559,9,39.6545
-8.486958,9,39.664113
0.573657,3,39.668111
-6.282871,9,39.678113
-6.821514,9,39.68613
-4.273647,9,39.695123
-0.650215,7,39.703106
-2.793897,9,39.711113
0.0583,3,39.716113
-7.535193,9,39.725113
-5.836341,9,39.782834
-3.110914,9,39.793843
-3.723937,9,39.803833
-2.493896,9,39.811827
-6.486995,9,39.820834
-6.579687,9,39.829861
-8.234385,9,39.839834
-6.92328,9,39.847887
-8.362617,9,39.855886
0.893871,1,39.858256
-6.828875,9,39.915249
-7.215822,9,39.924241
-3.836166,9,39.933239
-8.387876,9,39.942337
-6.071858,9,39.950297
-7.92809,9,39.958906
-6.392226,9,39.967931
-8.209155,9,39.975903
-8.101936,9,39.984913
-7.465399,9,39.993908
-8.187316,9,40.05598
-4.015964,9,40.065283
-4.995499,9,40.074249
-3.800751,9,40.08325
-5.115055,9,40.09125
-8.281912,9,40.10027
-8.867802,9,40.109243
-7.804911,9,40.11725
-7.984517,9,40.127249
-7.975176,9,40.13525
-8.397146,9,40.188943
-6.485966,9,40.19894
-3.329273,9,40.20694
-3.331741,9,40.215947
-5.844654,9,40.224934
-5.556207,9,40.232941
-8.94941,9,40.243013
-6.319247,9,40.252013
-8.354847,9,40.26162
-6.766833,9,40.271637
-7.802681,9,40.331626
-8.449889,9,40.340641
-6.589373,9,40.349716
-5.752479,9,40.357716
0.966635,1,40.361913
-4.323595,9,40.370888
-2.667097,9,40.380895
-6.344122,9,40.388899
-3.867856,9,40.397895
0.957005,1,40.399895
-8.350879,9,40.460618
-7.60543,9,40.471621
-2.389388,9,40.481639
-4.951543,9,40.490613
-5.315933,9,40.499622
-2.888519,9,40.507618
-2.659137,9,40.516605
-7.384347,9,40.524622
0.838915,1,40.526635
-0.936772,3,40.530607
-5.568835,9,41.755806
-8.929826,9,41.763429
-5.619669,9,41.77142
-7.447437,9,41.778432
-3.156583,9,41.78542
-7.967037,9,41.792425
-8.465825,9,41.800421
0.862916,1,41.802417
-6.626166,9,41.80943
-3.175012,9,41.817432
-1.358074,9,42.79438
-5.872255,9,42.801364
0.833253,1,42.803384
-4.186684,9,42.81137
-4.269558,9,42.818377
-5.449824,9,42.826392
-6.179994,9,42.83437
-3.940707,9,42.841364
-2.253643,9,42.849463
-8.411822,9,42.856457
-3.344633,9,43.850484
-6.596851,9,43.857488
-7.026984,9,43.865096
-8.318721,9,43.873101
-5.948119,9,43.880094
-1.592511,5,43.885087
-7.381105,9,43.892087
-8.166844,9,43.900128
0.956679,1,43.902096
-3.88644,9,43.910096
0.818952,1,44.877118
-6.196824,9,44.885122
-8.490807,9,44.897154
0.603791,2,44.900034
0.957138,1,44.902118
-8.20024,9,44.910153
-3.517116,9,44.917107
-8.760173,9,44.925066
0.832935,1,44.927033
-8.268097,9,44.93405
0.95358,1,45.893277
0.972636,1,45.895276
-7.238609,9,45.902294
-4.216102,9,45.909279
-7.748547,9,45.917273
-7.239459,9,45.924272
-6.833977,9,45.932272
-5.051587,9,45.939272
-4.658318,9,45.946281
-8.547762,9,45.953341
-8.743801,9,46.910371
-7.143139,9,46.918371
-0.267794,6,46.92339
0.856801,1,46.925374
-4.35421,9,46.933366
-6.503668,9,46.940364
-7.621135,9,46.947371
-3.696016,9,46.954364
-8.64774,9,46.962435
-8.039191,9,46.969417
0.97917,1,47.992971
-6.884472,9,48.000962
-8.200473,9,48.008962
-8.84962,9,48.015962
-3.514743,9,48.023962
-8.97327,9,48.030963
-6.399463,9,48.037971
-8.273724,9,48.044962
-5.791473,9,48.051964
0.000651,3,48.054974
0.467944,2,49.038067
-7.215245,9,49.046078
-8.792742,9,49.053081
-7.76339,9,49.060156
-4.474464,9,49.067127
-4.963531,9,49.074132
-8.76683,9,49.082308
-8.445886,9,49.08927
-3.102825,9,49.096259
-6.859817,9,49.10327
0.954878,1,50.045917
-5.211322,9,50.052906
-8.426558,9,50.05993
0.343175,3,50.062957
0.995122,1,50.064962
-8.26439,9,50.071966
-8.585607,9,50.079116
-6.929645,9,50.08611
-4.258788,9,50.094117
-4.499575,9,50.10212
0.957936,1,51.057185
-1.803663,9,51.064238
-7.42537,9,51.071268
-8.317273,9,51.078291
-4.969449,9,51.085449
-7.755616,9,51.092436
-2.695126,9,51.100447
-7.369106,9,51.107471
-3.633749,9,51.114424
-6.869247,9,51.122429
-6.622308,9,52.087903
-2.948676,9,52.094901
-2.810071,9,52.101894
-7.964164,9,52.108894
-7.49371,9,52.116945
-8.539638,9,52.1239
-3.961995,9,52.1319
-7.360801,9,52.138891
-7.777384,9,52.145897
-5.182541,9,52.152898
-7.316504,9,53.147867
-8.893129,9,53.154862
-4.336767,9,53.162862
0.922547,1,53.164867
-2.654413,9,53.171911
-7.842318,9,53.178914
-7.888205,9,53.187076
-3.262749,9,53.194082
-4.384001,9,53.201069
-8.825276,9,53.209069
-5.302674,9,54.198015
-8.015292,9,54.204974
-7.325511,9,54.211965
-6.898686,9,54.218965
-5.846854,9,54.22798
-8.309193,9,54.234981
-7.979853,9,54.242965
-7.415628,9,54.249965
-8.823479,9,54.256971
-2.865589,9,54.271031
-1.79967,9,55.26135
-8.619878,9,55.269356
-6.47057,9,55.27741
-4.609516,9,55.284416
-3.193388,9,55.29156
-2.365409,9,55.298543
-8.248284,9,55.30554
-4.682642,9,55.312572
-7.769764,9,55.31955
-2.84954,9,55.327562
-7.853311,9,56.355727
-3.504738,9,56.363746
-8.753055,9,56.370721
0.914466,1,56.372732
-6.205335,9,56.379827
-7.998195,9,56.387788
-1.845261,9,56.394495
-7.891048,9,56.401495
-6.590647,9,56.409502
-6.914339,9,56.417539
-4.842133,9,57.377287
-2.323576,9,57.38529
-8.552409,9,57.392509
-7.85426,9,57.400491
-3.125614,9,57.408487
-7.541602,9,57.415492
-6.766814,9,57.422482
-8.627308,9,57.429519
-4.315507,9,57.43648
-6.987502,9,57.443497
-7.483586,9,58.486731
-3.6439,9,58.493966
-5.144219,9,58.503961
-2.15509,9,58.511966
-8.962833,9,58.518966
-4.940875,9,58.527963
-7.109006,9,58.535957
-7.765156,9,58.542963
-6.338889,9,58.55097
-6.279898,9,58.558957
-7.20876,9,59.533227
-4.978932,9,59.542224
-6.8597,9,59.550228
-2.998345,9,59.557217
-7.405288,9,59.566217
0.914594,1,59.56723
-8.178737,9,59.574221
-6.18821,9,59.582305
-8.870028,9,59.589339
0.989124,1,59.591308
-6.86435,9,60.586509
-5.099483,9,60.59451
-4.427477,9,60.602609
0.916436,1,60.603622
-7.938738,9,60.610605
-6.605306,9,60.617618
-7.953793,9,60.624604
-7.778335,9,60.632616
-8.42228,9,60.639605
-4.194514,9,60.646614
-6.900286,9,61.664606
-7.176135,9,61.672563
-8.192271,9,61.679572
-4.320865,9,61.68762
-8.178981,9,61.696636
-4.640136,9,61.70479
-8.403449,9,61.712809
-7.898529,9,61.7208
-8.544324,9,61.727795
-1.782275,9,61.735804
-7.570186,9,62.787406
-2.968745,9,62.797406
-4.72283,9,62.804589
0.883518,1,62.806582
-2.00118,9,62.815616
-8.418196,9,62.824579
-4.228046,9,62.832587
-6.97025,9,62.841584
-6.593779,9,62.850617
-4.149806,9,62.859578
-6.399301,9,63.941185
-8.907557,9,63.949196
-6.166854,9,63.957186
-1.771488,9,63.969189
-8.81433,9,63.979199
-6.906238,9,63.990237
-5.966815,9,63.999237
-2.621881,9,64.007927
-6.400653,9,64.016903
-6.727421,9,64.024894
-8.015007,9,65.127416
-7.432505,9,65.134409
-8.791137,9,65.141413
-7.319284,9,65.14841
-3.84714,9,65.155411
0.820091,1,65.157416
-3.431504,9,65.165405
0.994159,1,65.171416
-7.364582,9,65.17843
-8.973192,9,65.186414
-6.085958,9,66.187886
0.890537,1,66.189889
0.844863,1,66.191882
-2.89335,9,66.19894
-8.801086,9,66.205943
-8.971843,9,66.212579
-5.843661,9,66.219574
-3.550731,9,66.227597
-7.811587,9,66.234574
0.908205,1,66.236579
-1.888969,9,67.18087
-6.202577,9,67.188854
-7.834549,9,67.195853
-6.115301,9,67.202921
-8.369737,9,67.209934
0.941621,1,67.210911
-4.596162,9,67.218387
-8.470109,9,67.225396
0.91682,1,67.227403
-3.660765,9,67.234427
-8.136199,9,68.180704
-8.828175,9,68.187726
-4.747283,9,68.195709
0.912536,1,68.197722
-8.393709,9,68.204774
-5.822955,9,68.211772
-5.712435,9,68.218232
-8.376457,9,68.227268
-8.300943,9,68.234246
-6.233524,9,68.242239
-3.786499,9,69.208354
-4.554392,9,69.216578
-4.21278,9,69.223578
-6.894396,9,69.230572
0.895349,1,69.233576
-7.922396,9,69.240569
-8.643174,9,69.246572
-7.426989,9,69.253572
-6.326139,9,69.266578
-7.408253,9,69.273569
-8.373551,9,70.265866
-5.953977,9,70.274875
-7.836498,9,70.281878
-8.469786,9,70.289866
-8.360678,9,70.295871
-7.095926,9,70.303931
-5.974053,9,70.31092
-2.610564,9,70.318156
-2.238003,9,70.325144
-8.275953,9,70.332151
-3.77781,9,71.321472
-8.8109,9,71.328474
-8.826914,9,71.336474
-8.070838,9,71.343478
-7.508305,9,71.352463
-5.653947,9,71.359474
-4.895407,9,71.367474
0.983638,1,71.36947
-8.323188,9,71.377467
-4.535749,9,71.38548
-8.817521,9,72.376997
-6.834617,9,72.38504
-5.636941,9,72.392997
-8.467114,9,72.401033
-6.800033,9,72.408036
-3.757449,9,72.417047
-8.435618,9,72.424116
-8.075402,9,72.431111
-8.371778,9,72.438117
-7.343067,9,72.446124
-7.439186,9,73.45571
-8.932991,9,73.470736
-8.953815,9,73.482714
-2.2281,9,73.491714
-8.559925,9,73.504714
-3.263012,9,73.518765
-5.626854,9,73.52644
-5.560866,9,73.536452
-2.188248,9,73.547441
-5.108196,9,73.55744
-8.822236,9,74.540282
-5.836936,9,74.548245
-6.614016,9,74.555244
-8.960386,9,74.562249
0.918111,1,74.564251
-8.708539,9,74.572245
-6.708424,9,74.579244
-6.021162,9,74.5874
-8.532906,9,74.594244
-8.570157,9,74.602264
-7.067938,9,75.630716
-6.502298,9,75.637739
-4.568575,9,75.644716
-4.482435,9,75.652727
-8.504162,9,75.659749
-8.571864,9,75.666745
-8.583417,9,75.673711
-6.684411,9,75.680711
-3.001471,9,75.688716
-8.133012,9,75.695754
-4.773605,9,76.64542
-8.423952,9,76.653385
-7.146207,9,76.660385
-6.454329,9,76.668396
-8.218346,9,76.675385
-7.864965,9,76.683414
-7.488363,9,76.690383
-3.539557,9,76.698378
-7.659888,9,76.706393
-4.922454,9,76.713385
-5.863466,9,77.673322
-8.994817,9,77.680307
-7.562418,9,77.687315
-8.075705,9,77.695315
-6.737182,9,77.702336
-1.946447,9,77.710304
-6.266887,9,77.71736
-8.651501,9,77.72436
-6.487295,9,77.731357
-8.702058,9,77.738466
-2.259229,9,78.708578
-3.201015,9,78.716595
-8.996225,9,78.723644
-8.654081,9,78.731645
-4.679773,9,78.738257
-6.145194,9,78.746284
-6.388839,9,78.753255
-8.270922,9,78.760271
-8.949848,9,78.768259
-4.253219,9,78.775254
-7.827073,9,79.714388
-8.977628,9,79.720388
-3.081501,9,79.727431
-3.218818,9,79.735438
-3.705645,9,79.742554
-8.730483,9,79.749528
-4.767936,9,79.75754
-8.494907,9,79.764537
-7.548363,9,79.772542
-6.635255,9,79.779542
0.836762,1,80.791235
-3.830898,9,80.798192
-8.613434,9,80.806192
-7.258507,9,80.814192
-2.512381,9,80.821192
-7.504388,9,80.829272
-5.55232,9,80.837265
0.92965,1,80.839507
-8.817542,9,80.846516
-4.461037,9,80.854514
-7.74473,9,81.836947
-2.635461,9,81.843172
-7.582052,9,81.851171
-6.940462,9,81.858163
-8.256743,9,81.865169
-5.061464,9,81.873165
-3.031477,9,81.880169
-8.09652,9,81.887206
-6.874814,9,81.895167
-8.075408,9,81.902171
-1.871173,9,82.879375
-6.183184,9,82.887375
-5.945245,9,82.894372
-3.613431,9,82.901384
-2.510636,9,82.909377
-8.960218,9,82.917372
-8.856844,9,82.924379
-7.086704,9,82.931428
-8.788449,9,82.937421
-5.072145,9,82.944588
-6.80804,9,83.902731
-6.123617,9,83.909737
-6.555746,9,83.916738
-5.565125,9,83.924778
-8.732102,9,83.93278
-5.064295,9,83.939787
0.831775,1,83.94178
-7.083147,9,83.948376
-7.296404,9,83.955389
-6.853577,9,83.963374
-4.410766,9,84.912271
-5.72819,9,84.919261
-8.373046,9,84.926261
-8.417784,9,84.933323
-6.408323,9,84.940333
-2.790309,9,84.947428
-4.505426,9,84.955426
-3.942963,9,84.963434
-5.864883,9,84.971427
-5.717724,9,84.978456
-6.823144,9,85.914343
-8.810468,9,85.922329
-2.481103,9,85.929332
-2.938936,9,85.936381
-4.313875,9,85.943381
-6.803749,9,85.949952
-5.60985,9,85.95795
-7.613665,9,85.965955
-8.888216,9,85.972968
-6.234765,9,85.979954
-6.67152,9,86.99965
-4.197918,9,87.006647
-2.052541,9,87.014642
-8.735848,9,87.021638
-8.199398,9,87.029649
-8.580968,9,87.036702
-3.514237,9,87.043696
-7.090724,9,87.05101
-7.77841,9,87.057974
-2.087471,9,87.065973
-8.817538,9,88.012763
-7.940765,9,88.01976
-8.862423,9,88.026762
-6.670732,9,88.034762
-2.112044,9,88.041806
-5.61009,9,88.048803
-7.491828,9,88.056067
-8.588475,9,88.063071
-3.020619,9,88.071072
-8.527882,9,88.078074
-2.628822,9,89.05358
-8.363315,9,89.061585
-4.099543,9,89.068613
-3.402488,9,89.075566
-5.875336,9,89.082583
-6.375555,9,89.091582
-7.552798,9,89.100606
-2.450162,9,89.107573
-5.710639,9,89.116573
-5.119604,9,89.123573
-5.326131,9,90.06789
-8.803631,9,90.074899
-5.947641,9,90.081906
-6.210666,9,90.08889
-2.35449,9,90.097937
-7.627436,9,90.105913
-8.209221,9,90.112924
-2.883738,9,90.121987
-8.980279,9,90.128986
-8.571891,9,90.135981
-8.82097,9,91.266841
0.904889,1,91.269839
-7.081919,9,91.278835
-7.647897,9,91.287839
-8.199234,9,91.298761
-7.908132,9,91.306835
-6.348645,9,91.316839
-8.101385,9,91.325838
-7.813147,9,91.332857
-6.387978,9,91.339873
-8.991774,9,92.377334
-8.660713,9,92.384341
-2.71757,9,92.392351
-6.28839,9,92.399359
-8.61685,9,92.406329
-7.23414,9,92.413361
0.924301,1,92.41534
-7.034496,9,92.42234
-7.902771,9,92.43038
-4.004749,9,92.440341
-7.69288,9,93.394383
-8.398283,9,93.401384
-8.938268,9,93.409381
-4.054771,9,93.416381
-6.872879,9,93.424377
-8.724929,9,93.432384
-6.372118,9,93.439392
0.843396,1,93.441394
-8.647326,9,93.448419
-7.15409,9,93.456428
-1.799274,9,94.401407
0.892071,1,94.402395
-7.682515,9,94.410431
-7.555684,9,94.419477
-8.695475,9,94.426395
-6.327483,9,94.435475
-8.227942,9,94.444428
-4.534286,9,94.450617
-8.161253,9,94.45861
-8.652537,9,94.466477
-7.88624,9,95.551221
-3.024259,9,95.558223
-6.484847,9,95.56608
-7.831031,9,95.574079
0.814591,1,95.576082
-5.394656,9,95.585078
-6.066159,9,95.592076
-7.26803,9,95.600076
-4.532761,9,95.608051
0.873089,1,95.610089
-5.214656,9,96.786126
-8.794817,9,96.794124
-6.668668,9,96.802146
-7.792254,9,96.810124
-8.557678,9,96.818147
-6.566605,9,96.826121
-7.16279,9,96.835115
-3.433134,9,96.844121
-3.481142,9,96.852186
-7.306068,9,96.860177
-8.363396,9,97.980768
-6.234935,9,97.987765
-5.598758,9,97.995771
-2.301837,9,98.003761
-8.504084,9,98.010768
-8.569868,9,98.018806
-8.798822,9,98.026768
-8.88712,9,98.033768
-8.868041,9,98.040761
-8.353244,9,98.047806
-8.861794,9,99.054393
-3.549652,9,99.063443
-3.510628,9,99.071585
-6.180745,9,99.078583
-8.552108,9,99.085608
0.887803,1,99.087582
-8.225961,9,99.094613
-5.868507,9,99.101608
-7.686727,9,99.108576
-6.246585,9,99.117582
-8.346792,9,100.156968
-7.489036,9,100.164023
-6.65277,9,100.171018
-8.578474,9,100.179627
-7.887985,9,100.18662
-8.892756,9,100.194618
-7.917876,9,100.201627
-3.186511,9,100.209644
-6.373255,9,100.217627
0.864841,1,100.219623
-8.103478,9,101.247029
-7.139493,9,101.25403
-1.84039,9,101.262104
-4.425487,9,101.270088
-8.345739,9,101.277347
-8.417793,9,101.285383
-5.709417,9,101.292345
-6.788536,9,101.300344
-7.390565,9,101.307344
-8.790547,9,101.315347
-6.196874,9,102.373593
-4.562079,9,102.38175
-4.501841,9,102.390756
-7.480456,9,102.398743
-3.733395,9,102.407769
-8.269182,9,102.417741
-7.984604,9,102.428749
-8.98558,9,102.437745
-8.958241,9,102.445752
-5.48719,9,102.454749
-8.977945,9,103.507971
-8.919438,9,103.514965
-3.085118,9,103.521965
-8.024289,9,103.529
-7.513587,9,103.536967
-2.411423,9,103.543962
-8.623032,9,103.550965
-3.162294,9,103.558971
-7.148309,9,103.567051
-2.557731,9,103.575044
-6.733101,9,104.62604
-3.386931,9,104.63404
-5.770527,9,104.642002
-6.490494,9,104.650007
-4.735973,9,104.658011
-2.251058,9,104.667048
-6.912184,9,104.675055
-6.555026,9,104.68266
-5.464681,9,104.689654
-6.505329,9,104.698663
-5.228927,9,105.763383
-5.973229,9,105.77142
-8.953304,9,105.779408
-7.02207,9,105.788004
-7.508108,9,105.795009
-3.852445,9,105.803013
-6.971683,9,105.812006
-7.601538,9,105.819006
-7.047806,9,105.827013
-6.199496,9,105.837013
-6.563497,9,107.013052
-7.064954,9,107.021071
-7.547279,9,107.029055
-8.824584,9,107.037061
-7.188646,9,107.045062
-7.031825,9,107.053057
-5.989981,9,107.060053
-6.556618,9,107.067062
-6.290397,9,107.075168
-5.792532,9,107.082137
-6.390771,9,108.06109
-6.51211,9,108.068096
-8.628552,9,108.076147
-2.5892,9,108.084142
-6.509322,9,108.090842
-1.92124,9,108.098841
-6.252769,9,108.106842
-4.339234,9,108.113845
-7.166077,9,108.120847
-8.843518,9,108.127842
-7.545378,9,109.147995
-8.479754,9,109.154991
-7.082106,9,109.162004
-4.434688,9,109.168989
-7.313566,9,109.177031
-8.877251,9,109.18403
-4.882139,9,109.191288
-4.161388,9,109.198277
-4.782428,9,109.205284
-7.733635,9,109.212284
-7.791221,9,110.190002
-3.811067,9,110.198121
-3.681386,9,110.206122
-2.475236,9,110.213121
-6.300242,9,110.22011
-7.08101,9,110.227126
-2.356521,9,110.23411
-8.481192,9,110.24111
-8.02079,9,110.250117
0.965848,1,110.251129
-7.456667,9,111.30848
-7.927705,9,111.315483
-8.002017,9,111.323475
-8.394146,9,111.33148
-8.962562,9,111.338491
-8.068223,9,111.34648
-8.041222,9,111.354512
-3.303228,9,111.361511
-2.313835,9,111.369489
-8.922481,9,111.377469
-6.435386,9,112.409602
-8.952219,9,112.417595
-4.927723,9,112.424599
-8.402214,9,112.431593
-2.113194,9,112.438593
-7.742927,9,112.445596
-4.102358,9,112.45259
-4.405385,9,112.46059
-7.712244,9,112.46759
-1.746173,9,112.474593
-5.034906,9,113.454933
-7.801077,9,113.46294
-8.308197,9,113.469946
-5.745429,9,113.477931
-8.238798,9,113.484981
-6.704171,9,113.492996
-8.751233,9,113.500154
-6.544152,9,113.508138
-8.347569,9,113.515136
-5.36883,9,113.523154
-8.54398,9,114.586075
-7.897887,9,114.593073
-2.00909,9,114.599617
0.876938,1,114.601666
-8.77549,9,114.609681
-3.930163,9,114.617667
-5.049885,9,114.62966
-6.30819,9,114.638674
-2.427992,9,114.648668
-4.030105,9,114.659674
-3.232025,9,115.708275
-8.901993,9,115.716275
-7.901929,9,115.724282
-7.994566,9,115.731292
-7.519522,9,115.738282
-8.601993,9,115.746282
-6.28443,9,115.753273
0.814293,1,115.755292
-8.915237,9,115.763273
-7.493671,9,115.770268
-6.71751,9,116.834659
-8.597919,9,116.848753
-7.272164,9,116.863749
-7.49476,9,116.879758
-8.13289,9,116.895819
-5.958272,9,116.911931
-5.064422,9,116.928677
-7.807249,9,116.943672
0.817045,1,116.947674
-6.48643,9,116.964672
-6.593498,9,118.858803
-4.829392,9,118.871804
-6.526613,9,118.885804
-8.199585,9,118.899939
-8.896572,9,118.913707
-8.075816,9,118.926713
-7.303285,9,118.941711
-1.898199,9,118.955714
-8.961352,9,118.972323
-8.015121,9,118.98568
-8.933065,9,120.840359
-8.101561,9,120.853362
0.881243,1,120.857359
-7.104454,9,120.870363
-6.306464,9,120.88436
-5.497659,9,120.898504
-8.088219,9,120.912228
0.834067,1,120.916231
-8.564984,9,120.931227
-2.348166,9,120.945227
-6.5495,9,122.829486
-2.866215,9,122.844488
-8.818785,9,122.858489
-8.750119,9,122.872489
-7.794253,9,122.886444
-6.515044,9,122.901486
-6.244919,9,122.915041
-8.231361,9,122.929178
0.956342,1,122.935177
-5.674429,9,122.950176
-5.741508,9,124.827117
-8.871948,9,124.841117
-2.91641,9,124.855112
-2.7685,9,124.868119
-8.989496,9,124.882118
-8.515972,9,124.895118
-8.976942,9,124.910175
-4.059567,9,124.924375
-8.63323,9,124.937375
-8.407575,9,124.951375
-8.158469,9,126.748231
-4.163432,9,126.762365
-3.229078,9,126.776859
-2.622809,9,126.790843
-6.683461,9,126.804912
0.968071,1,126.807925
-4.481894,9,126.821487
-8.938301,9,126.835478
-6.301943,9,126.849493
-7.254231,9,126.863492
0.87517,1,128.741126
-2.243872,9,128.754136
-8.844724,9,128.769351
-4.512403,9,128.783583
-5.26437,9,128.797583
0.849299,1,128.800584
-7.074002,9,128.814734
-5.651079,9,128.828456
0.890886,1,128.832457
-8.432498,9,128.845462
-7.085753,9,130.700559
-8.401431,9,130.714625
-4.82818,9,130.728729
-7.13881,9,130.741718
-7.479795,9,130.755725
-6.503389,9,130.771901
-8.864974,9,130.786046
-2.066551,9,130.801048
-3.217738,9,130.81611
-8.038779,9,130.83069
0.960388,1,132.683458
-4.115671,9,132.697459
-8.725319,9,132.711457
-7.769467,9,132.725595
-6.565721,9,132.738376
-3.067902,9,132.752371
-3.149459,9,132.767874
-7.638442,9,132.782281
-7.554843,9,132.796278
-8.405161,9,132.809274
-7.370819,9,134.650074
-8.122175,9,134.664069
-8.855591,9,134.67807
-4.513768,9,134.693072
-7.610677,9,134.708078
-7.659316,9,134.721209
-5.027044,9,134.735394
-5.523171,9,134.74839
-7.373564,9,134.763406
-2.816573,9,134.777805
-8.492421,9,136.671741
-6.022559,9,136.685751
-8.998797,9,136.698739
-6.889365,9,136.712745
-8.11175,9,136.726887
-7.390069,9,136.740683
-5.425076,9,136.754666
-8.402401,9,136.76965
-8.894098,9,136.784565
-7.562644,9,136.798562
-5.055819,9,138.65718
-8.266391,9,138.672169
-4.934628,9,138.687185
-8.816331,9,138.701186
-7.938001,9,138.715189
-6.600738,9,138.728246
-6.961558,9,138.741256
-6.977044,9,138.755445
-7.748905,9,138.771638
-4.984739,9,138.786817
-6.62491,9,140.642344
-8.47395,9,140.655988
-7.191408,9,140.669981
-6.977043,9,140.682997
-7.108873,9,140.696982
-6.184951,9,140.710982
-8.293944,9,140.724997
-3.123666,9,140.738045
0.996311,1,140.742058
-8.166974,9,140.755651
-8.989731,9,142.669684
-7.400639,9,142.683681
-8.028157,9,142.697681
-2.425587,9,142.711692
0.836729,1,142.715695
-8.029179,9,142.729681
-8.257434,9,142.743765
-7.426776,9,142.757506
-7.777842,9,142.77309
-6.357901,9,142.787318
-4.6191,9,144.694919
-8.827011,9,144.708905
-2.030419,9,144.722918
-7.097372,9,144.735957
-5.798218,9,144.74949
-8.932065,9,144.764719
-6.848108,9,144.779453
-8.685479,9,144.793462
-8.408707,9,144.80747
-8.038134,9,144.820462
-8.905501,9,146.706315
-8.698233,9,146.721311
-8.996707,9,146.737365
-5.592196,9,146.751365
-5.481335,9,146.766681
-4.642534,9,146.780418
-6.143107,9,146.794403
-3.232641,9,146.808418
-4.714171,9,146.822411
-7.108459,9,146.835427
-7.17936,9,148.686431
-5.042208,9,148.699441
-4.22524,9,148.713438
-7.44467,9,148.732439
-7.334283,9,148.745486
-5.796455,9,148.761108
-8.536664,9,148.775124
-6.572157,9,148.789113
-5.972012,9,148.803129
-5.302052,9,148.817113
-2.496123,9,150.720065
-6.31917,9,150.734062
-3.700993,9,150.747113
-7.634882,9,150.760788
-7.204887,9,150.776889
-4.132464,9,150.790891
-7.128014,9,150.803891
-3.403662,9,150.81789
-8.986521,9,150.831881
-2.944858,9,150.845945
-8.245123,9,152.718615
-6.805616,9,152.731611
-8.956237,9,152.745605
-7.506507,9,152.760322
-3.056225,9,152.774473
-3.478874,9,152.788517
-6.027853,9,152.80253
-4.00634,9,152.816521
-2.996828,9,152.83053
-7.309781,9,152.844517
-7.545316,9,154.689944
-1.933957,9,154.703951
-7.392153,9,154.718961
-7.502774,9,154.731957
-7.980679,9,154.745951
-8.494925,9,154.760155
-4.080323,9,154.774141
-8.981187,9,154.788191
-7.536848,9,154.801204
-5.631195,9,154.815198
-8.561907,9,156.648414
0.908904,1,156.651492
-2.837997,9,156.664488
-4.935478,9,156.679072
-4.952515,9,156.693072
-7.819095,9,156.707079
-4.67697,9,156.72107
-1.907894,9,156.735083
-5.53475,9,156.748073
-8.967258,9,156.763294
-4.512835,9,158.652342
-7.687559,9,158.668398
-6.662315,9,158.68203
-7.31976,9,158.69603
-5.96603,9,158.710034
-7.010639,9,158.723037
-6.909154,9,158.737041
-8.145132,9,158.751041
-7.468916,9,158.766322
-6.268926,9,158.780702
-6.819808,9,160.651092
-7.262763,9,160.665172
0.840644,1,160.668162
-6.60349,9,160.681776
-5.613863,9,160.694836
-8.713802,9,160.708836
-8.953863,9,160.722757
-6.237257,9,160.736757
-8.688614,9,160.749739
-7.630837,9,160.765508
-6.188961,9,162.672972
-6.564495,9,162.686604
-2.00978,9,162.700598
-4.794095,9,162.714614
-8.50368,9,162.728614
-5.172683,9,162.742604
-2.519647,9,162.756249
-5.796579,9,162.771852
-8.070904,9,162.786157
-8.397483,9,162.800166
-6.838651,9,164.6192
-7.483496,9,164.628211
-3.44403,9,164.6412
-2.485194,9,164.6552
-4.751444,9,164.669248
-7.551182,9,164.683369
-6.783932,9,164.698359
-7.034226,9,164.711363
-8.9674,9,164.72536
-5.34231,9,164.739369
-2.076102,9,166.587143
0.944201,1,166.590143
-8.929589,9,166.604123
-8.501878,9,166.61814
-2.544544,9,166.632141
-8.806968,9,166.646145
-6.913088,9,166.660141
-7.125869,9,166.673185
-5.964042,9,166.686775
-4.27744,9,166.700769
-2.928622,9,168.539655
-8.10242,9,168.553661
-7.567754,9,168.567891
-8.955041,9,168.583576
-6.817634,9,168.597575
-5.883072,9,168.611583
-6.949865,9,168.625568
-7.313033,9,168.639584
0.048075,5,168.648582
-8.048264,9,168.663574
-8.894365,9,170.541029
-7.973597,9,170.555029
-8.720637,9,170.570222
-7.950715,9,170.584101
-7.235982,9,170.597736
-6.112511,9,170.611746
-8.914236,9,170.625746
-8.969086,9,170.63974
-6.302987,9,170.653739
-8.713388,9,170.66774
-7.88546,9,172.611657
-6.518666,9,172.625665
-8.269758,9,172.639674
-1.966198,9,172.653679
-8.010005,9,172.666674
-7.558016,9,172.680722
-8.735431,9,172.694882
-5.502175,9,172.707863
0.965893,1,172.711878
0.901363,1,172.714867
-5.906088,9,174.395409
-6.205856,9,174.4054
-6.392959,9,174.418402
-7.916049,9,174.432409
-5.615843,9,174.445402
-8.606672,9,174.459402
-7.994529,9,174.473413
-8.288911,9,174.486456
-7.775742,9,174.50003
-2.970179,9,174.514038
-8.298483,9,176.20875
-1.992616,9,176.222749
-5.257428,9,176.235749
0.907986,1,176.239747
-2.53892,9,176.252732
-8.713509,9,176.266749
-6.330617,9,176.279741
-8.202489,9,176.293791
-5.416366,9,176.307379
-8.25204,9,176.321377
-8.872978,9,178.128846
-8.29784,9,178.142855
-8.316345,9,178.156855
0.824762,1,178.159859
-7.351221,9,178.17386
-2.982527,9,178.186902
-2.47231,9,178.201331
-7.706286,9,178.214331
-8.585156,9,178.228331
-6.254676,9,178.242324
-5.188234,9,180.074365
-7.034881,9,180.087407
-6.848515,9,180.101923
-8.851215,9,180.114971
-3.456717,9,180.128964
-6.206362,9,180.142981
-6.436765,9,180.155972
-2.301912,9,180.170973
-8.993915,9,180.183962
-4.94198,9,180.198045
-6.793705,9,182.113449
-6.708017,9,182.128449
-6.275028,9,182.143449
0.816852,1,182.148449
-8.983148,9,182.165442
-3.59216,9,182.180449
-5.657246,9,182.194506
-4.578102,9,182.207979
0.991666,1,182.210974
-5.99281,9,182.218971
-4.152145,9,184.104548
-8.519428,9,184.11816
-7.564995,9,184.132162
-8.538402,9,184.146169
-7.787407,9,184.160173
-7.318119,9,184.17316
-7.88747,9,184.187163
-6.769366,9,184.202238
-2.6879,9,184.217813
-5.006463,9,184.232804
-8.318162,9,186.2628
-4.811405,9,186.276808
-5.239711,9,186.291809
-8.458257,9,186.30694
-7.277875,9,186.320708
-5.773386,9,186.333709
-7.197243,9,186.348712
-7.767703,9,186.362708
-6.426494,9,186.376714
-4.293917,9,186.39163
-2.950402,9,188.294236
-4.014107,9,188.302302
-6.527491,9,188.309301
-7.500819,9,188.316302
-8.421881,9,188.32448
-6.881931,9,188.33148
-8.223125,9,188.344489
0.952502,1,188.348484
-8.895549,9,188.363489
-7.784661,9,188.378489
-7.458554,9,189.966746
-4.248008,9,189.976714
-6.710789,9,189.984751
-3.198528,9,189.992739
-4.241844,9,189.99965
-8.808034,9,190.008759
-5.282358,9,190.016775
-5.539534,9,190.02549
-7.706831,9,190.033476
0.992621,1,190.035479
