time/fps,time/total_timesteps,time/time_elapsed,time/episodes,eval/mean_ep_length,eval/mean_reward,train/critic_loss,train/learning_rate,train/ent_coef,train/n_updates,train/actor_loss,train/ent_coef_loss
1916,23,0,4,,,,,,,,
2399,58,0,8,,,,,,,,
2389,84,0,12,,,,,,,,
,100,,,9.0,-7.4005863000000005,,,,,,
623,116,0,16,,,,,,,,
719,141,0,20,,,,,,,,
805,166,0,24,,,,,,,,
870,188,0,28,,,,,,,,
,200,,,7.2,-5.2363375,,,,,,
705,213,0,32,,,,,,,,
760,237,0,36,,,,,,,,
827,268,0,40,,,,,,,,
880,294,0,44,,,,,,,,
,300,,,6.0,-3.3904565,,,,,,
775,324,0,48,,,,,,,,
835,360,0,52,,,,,,,,
893,396,0,56,,,,,,,,
,400,,,8.2,-5.415489200000001,,,,,,
797,423,0,60,,,,,,,,
818,443,0,64,,,,,,,,
854,472,0,68,,,,,,,,
885,499,0,72,,,,,,,,
,500,,,8.2,-6.064055000000001,,,,,,
803,522,0,76,,,,,,,,
825,544,0,80,,,,,,,,
851,571,0,84,,,,,,,,
879,599,0,88,,,,,,,,
,600,,,9.0,-5.3116213,,,,,,
803,620,0,92,,,,,,,,
825,646,0,96,,,,,,,,
848,673,0,100,,,,,,,,
857,687,0,104,,,,,,,,
,700,,,8.6,-6.132548999999999,,,,,,
792,703,0,108,,,,,,,,
807,725,0,112,,,,,,,,
818,742,0,116,,,,,,,,
821,750,0,120,,,,,,,,
841,779,0,124,,,,,,,,
,800,,,7.5,-5.1632720999999995,,,,,,
798,804,1,128,,,,,,,,
815,830,1,132,,,,,,,,
831,856,1,136,,,,,,,,
844,877,1,140,,,,,,,,
,900,,,9.0,-6.2076131000000005,,,,,,
800,910,1,144,,,,,,,,
821,944,1,148,,,,,,,,
844,980,1,152,,,,,,,,
,1000,,,5.8,-4.0409413999999995,,,,,,
815,1001,1,156,,,,,,,,
822,1016,1,160,,,,,,,,
837,1045,1,164,,,,,,,,
850,1071,1,168,,,,,,,,
864,1098,1,172,,,,,,,,
,1100,,,8.2,-5.1286787,,,,,,
826,1123,1,176,,,,,,,,
838,1148,1,180,,,,,,,,
852,1176,1,184,,,,,,,,
,1200,,,7.8,-4.7714528,,,,,,
828,1211,1,188,,,,,,,,
833,1227,1,192,,,,,,,,
851,1263,1,196,,,,,,,,
864,1293,1,200,,,,,,,,
,1300,,,6.8,-4.126332100000001,,,,,,
838,1320,1,204,,,,,,,,
852,1352,1,208,,,,,,,,
864,1383,1,212,,,,,,,,
,1400,,,9.0,-6.5472092,,,,,,
815,1404,1,216,,,,,,,,
825,1431,1,220,,,,,,,,
828,1443,1,224,,,,,,,,
835,1463,1,228,,,,,,,,
842,1484,1,232,,,,,,,,
,1500,,,9.0,-6.213546099999999,,,,,,
818,1511,1,236,,,,,,,,
828,1539,1,240,,,,,,,,
833,1556,1,244,,,,,,,,
845,1588,1,248,,,,,,,,
,1600,,,5.7,-3.3443571,,,,,,
827,1616,1,252,,,,,,,,
833,1634,1,256,,,,,,,,
840,1655,1,260,,,,,,,,
848,1680,1,264,,,,,,,,
,1700,,,9.0,-6.411159,,,,,,
822,1704,2,268,,,,,,,,
831,1731,2,272,,,,,,,,
838,1754,2,276,,,,,,,,
844,1775,2,280,,,,,,,,
,1800,,,8.2,-6.0587094,,,,,,
823,1801,2,284,,,,,,,,
828,1821,2,288,,,,,,,,
840,1857,2,292,,,,,,,,
848,1884,2,296,,,,,,,,
,1900,,,9.0,-5.522801899999999,,,,,,
826,1911,2,300,,,,,,,,
837,1946,2,304,,,,,,,,
843,1968,2,308,,,,,,,,
847,1985,2,312,,,,,,,,
,2000,,,7.4,-5.2953259,,,,,,
827,2002,2,316,,,,,,,,
835,2033,2,320,,,,,,,,
843,2063,2,324,,,,,,,,
852,2096,2,328,,,,,,,,
,2100,,,9.0,-5.804893999999999,,,,,,
832,2117,2,332,,,,,,,,
836,2137,2,336,,,,,,,,
840,2154,2,340,,,,,,,,
848,2183,2,344,,,,,,,,
,2200,,,7.4,-5.151862199999999,,,,,,
834,2215,2,348,,,,,,,,
841,2243,2,352,,,,,,,,
847,2267,2,356,,,,,,,,
854,2295,2,360,,,,,,,,
,2300,,,7.4,-4.904901199999999,,,,,,
840,2323,2,364,,,,,,,,
847,2354,2,368,,,,,,,,
854,2385,2,372,,,,,,,,
,2400,,,6.2,-3.8306765,,,,,,
842,2410,2,376,,,,,,,,
848,2438,2,380,,,,,,,,
854,2465,2,384,,,,,,,,
860,2492,2,388,,,,,,,,
,2500,,,9.0,-6.1948133,,,,,,
841,2517,2,392,,,,,,,,
850,2553,3,396,,,,,,,,
857,2583,3,400,,,,,,,,
,2600,,,8.8,-5.778976200000001,,,,,,
843,2614,3,404,,,,,,,,
846,2632,3,408,,,,,,,,
851,2660,3,412,,,,,,,,
856,2681,3,416,,,,,,,,
,2700,,,9.0,-6.694124599999999,,,,,,
839,2703,3,420,,,,,,,,
844,2729,3,424,,,,,,,,
847,2746,3,428,,,,,,,,
850,2765,3,432,,,,,,,,
857,2797,3,436,,,,,,,,
,2800,,,9.0,-6.783727600000001,,,,,,
844,2830,3,440,,,,,,,,
850,2859,3,444,,,,,,,,
855,2887,3,448,,,,,,,,
,2900,,,8.2,-5.68602,,,,,,
841,2911,3,452,,,,,,,,
846,2939,3,456,,,,,,,,
849,2957,3,460,,,,,,,,
855,2987,3,464,,,,,,,,
,3000,,,8.2,-5.2061816,,,,,,
841,3012,3,468,,,,,,,,
848,3048,3,472,,,,,,,,
853,3076,3,476,,,,,,,,
,3100,,,7.2,-4.008645800000001,,,,,,
843,3106,3,480,,,,,,,,
846,3128,3,484,,,,,,,,
849,3146,3,488,,,,,,,,
853,3169,3,492,,,,,,,,
857,3192,3,496,,,,,,,,
,3200,,,5.8,-3.1828468999999995,,,,,,
847,3218,3,500,,,,,,,,
850,3237,3,504,,,,,,,,
855,3266,3,508,,,,,,,,
860,3294,3,512,,,,,,,,
,3300,,,9.0,-6.3452874999999995,,,,,,
847,3323,3,516,,,,,,,,
848,3337,3,520,,,,,,,,
854,3368,3,524,,,,,,,,
857,3390,3,528,,,,,,,,
,3400,,,7.9,-5.1957435,,,,,,
848,3425,4,532,,,,,,,,
852,3447,4,536,,,,,,,,
858,3483,4,540,,,,,,,,
,3500,,,6.9,-3.7588423,,,,,,
848,3507,4,544,,,,,,,,
850,3523,4,548,,,,,,,,
853,3545,4,552,,,,,,,,
857,3571,4,556,,,,,,,,
861,3596,4,560,,,,,,,,
,3600,,,9.0,-6.2412292,,,,,,
849,3625,4,564,,,,,,,,
852,3647,4,568,,,,,,,,
857,3679,4,572,,,,,,,,
859,3693,4,576,,,,,,,,
,3700,,,8.2,-5.7294898,,,,,,
847,3719,4,580,,,,,,,,
851,3743,4,584,,,,,,,,
855,3772,4,588,,,,,,,,
858,3795,4,592,,,,,,,,
,3800,,,8.2,-5.9016686,,,,,,
846,3813,4,596,,,,,,,,
850,3840,4,600,,,,,,,,
853,3861,4,604,,,,,,,,
855,3880,4,608,,,,,,,,
,3900,,,7.4,-4.4714673,,,,,,
846,3905,4,612,,,,,,,,
849,3927,4,616,,,,,,,,
853,3954,4,620,,,,,,,,
856,3976,4,624,,,,,,,,
,4000,,,7.4,-4.0400371999999996,,,,,,
848,4005,4,628,,,,,,,,
851,4028,4,632,,,,,,,,
854,4050,4,636,,,,,,,,
859,4084,4,640,,,,,,,,
861,4099,4,644,,,,,,,,
,4100,,,8.5,-5.047663699999999,,,,,,
852,4131,4,648,,,,,,,,
855,4154,4,652,,,,,,,,
858,4177,4,656,,,,,,,,
,4200,,,9.0,-4.9545737999999995,,,,,,
847,4201,4,660,,,,,,,,
851,4230,4,664,,,,,,,,
854,4253,4,668,,,,,,,,
855,4266,4,672,,,,,,,,
858,4293,4,676,,,,,,,,
,4300,,,8.3,-4.9049908,,,,,,
849,4321,5,680,,,,,,,,
853,4349,5,684,,,,,,,,
856,4373,5,688,,,,,,,,
,4400,,,8.2,-4.8207254,,,,,,
848,4402,5,692,,,,,,,,
851,4425,5,696,,,,,,,,
855,4459,5,700,,,,,,,,
858,4485,5,704,,,,,,,,
,4500,,,8.2,-4.933382999999999,,,,,,
850,4514,5,708,,,,,,,,
852,4533,5,712,,,,,,,,
855,4560,5,716,,,,,,,,
858,4581,5,720,,,,,,,,
,4600,,,6.5,-2.9958685999999997,,,,,,
849,4600,5,724,,,,,,,,
853,4627,5,728,,,,,,,,
855,4651,5,732,,,,,,,,
859,4684,5,736,,,,,,,,
,4700,,,6.8,-4.0939209000000005,,,,,,
852,4705,5,740,,,,,,,,
854,4721,5,744,,,,,,,,
857,4749,5,748,,,,,,,,
858,4764,5,752,,,,,,,,
,4800,,,8.0,-4.953547800000001,,,,,,
852,4800,5,756,,,,,,,,
855,4826,5,760,,,,,,,,
857,4846,5,764,,,,,,,,
860,4876,5,768,,,,,,,,
862,4898,5,772,,,,,,,,
,4900,,,8.2,-5.9155995,,,,,,
852,4912,5,776,,,,,,,,
854,4928,5,780,,,,,,,,
857,4956,5,784,,,,,,,,
860,4984,5,788,,,,,,,,
,5000,,,7.4,-5.213987299999999,,,,,,
853,5011,5,792,,,,,,,,
855,5031,5,796,,,,,,,,
858,5058,5,800,,,,,,,,
861,5082,5,804,,,,,,,,
861,5088,5,808,,,,,,,,
,5100,,,9.0,-7.220252499999999,,,,,,
852,5106,5,812,,,,,,,,
854,5131,6,816,,,,,,,,
856,5147,6,820,,,,,,,,
859,5179,6,824,,,,,,,,
,5200,,,8.4,-5.6989405,,,,,,
852,5206,6,828,,,,,,,,
854,5229,6,832,,,,,,,,
858,5259,6,836,,,,,,,,
859,5275,6,840,,,,,,,,
,5300,,,8.2,-6.4839354,,,,,,
853,5311,6,844,,,,,,,,
855,5333,6,848,,,,,,,,
856,5348,6,852,,,,,,,,
860,5382,6,856,,,,,,,,
,5400,,,7.7,-5.033801199999999,,,,,,
854,5418,6,860,,,,,,,,
856,5438,6,864,,,,,,,,
860,5474,6,868,,,,,,,,
862,5496,6,872,,,,,,,,
,5500,,,8.3,-4.8877006000000005,,,,,,
855,5519,6,876,,,,,,,,
858,5550,6,880,,,,,,,,
860,5575,6,884,,,,,,,,
863,5599,6,888,,,,,,,,
,5600,,,7.1,-3.9528686,,,,,,
856,5621,6,892,,,,,,,,
858,5644,6,896,,,,,,,,
862,5679,6,900,,,,,,,,
,5700,,,8.2,-5.5144972,,,,,,
855,5705,6,904,,,,,,,,
858,5733,6,908,,,,,,,,
861,5760,6,912,,,,,,,,
862,5781,6,916,,,,,,,,
864,5797,6,920,,,,,,,,
,5800,,,9.0,-6.903445100000001,,,,,,
857,5827,6,924,,,,,,,,
859,5852,6,928,,,,,,,,
862,5884,6,932,,,,,,,,
,5900,,,5.2,-3.3840405,,,,,,
859,5920,6,936,,,,,,,,
862,5947,6,940,,,,,,,,
864,5973,6,944,,,,,,,,
867,5998,6,948,,,,,,,,
,6000,,,8.2,-6.0152977000000005,,,,,,
859,6019,7,952,,,,,,,,
861,6038,7,956,,,,,,,,
864,6072,7,960,,,,,,,,
865,6089,7,964,,,,,,,,
,6100,,,8.5,-6.159911699999999,,,,,,
857,6112,7,968,,,,,,,,
859,6136,7,972,,,,,,,,
860,6146,7,976,,,,,,,,
863,6182,7,980,,,,,,,,
,6200,,,8.4,-5.300312699999999,,,,,,
856,6204,7,984,,,,,,,,
859,6234,7,988,,,,,,,,
861,6260,7,992,,,,,,,,
862,6274,7,996,,,,,,,,
864,6294,7,1000,,,,,,,,
,6300,,,7.4,-4.2179655,,,,,,
858,6320,7,1004,,,,,,,,
861,6347,7,1008,,,,,,,,
864,6381,7,1012,,,,,,,,
,6400,,,9.0,-6.4926212,,,,,,
858,6417,7,1016,,,,,,,,
860,6453,7,1020,,,,,,,,
862,6485,7,1024,,,,,,,,
,6500,,,7.4,-4.324138199999999,,,,,,
856,6517,7,1028,,,,,,,,
858,6545,7,1032,,,,,,,,
860,6571,7,1036,,,,,,,,
862,6592,7,1040,,,,,,,,
,6600,,,8.0,-5.489367400000001,,,,,,
856,6619,7,1044,,,,,,,,
859,6651,7,1048,,,,,,,,
862,6683,7,1052,,,,,,,,
,6700,,,6.9,-4.3637685,,,,,,
857,6719,7,1056,,,,,,,,
860,6749,7,1060,,,,,,,,
862,6778,7,1064,,,,,,,,
,6800,,,8.2,-4.810228799999999,,,,,,
857,6806,7,1068,,,,,,,,
859,6834,7,1072,,,,,,,,
861,6858,7,1076,,,,,,,,
863,6884,7,1080,,,,,,,,
,6900,,,9.0,-6.880011200000001,,,,,,
857,6916,8,1084,,,,,,,,
860,6944,8,1088,,,,,,,,
860,6955,8,1092,,,,,,,,
863,6989,8,1096,,,,,,,,
,7000,,,7.6,-5.2595309,,,,,,
859,7025,8,1100,,,,,,,,
860,7049,8,1104,,,,,,,,
862,7067,8,1108,,,,,,,,
864,7097,8,1112,,,,,,,,
,7100,,,8.2,-5.8517958000000005,,,,,,
857,7111,8,1116,,,,,,,,
860,7146,8,1120,,,,,,,,
862,7173,8,1124,,,,,,,,
,7200,,,8.2,-6.274627199999999,,,,,,
857,7204,8,1128,,,,,,,,
858,7225,8,1132,,,,,,,,
860,7249,8,1136,,,,,,,,
862,7281,8,1140,,,,,,,,
,7300,,,7.4,-4.3743717,,,,,,
858,7309,8,1144,,,,,,,,
859,7331,8,1148,,,,,,,,
861,7358,8,1152,,,,,,,,
864,7394,8,1156,,,,,,,,
,7400,,,9.0,-6.553948200000001,,,,,,
858,7421,8,1160,,,,,,,,
859,7439,8,1164,,,,,,,,
860,7454,8,1168,,,,,,,,
861,7465,8,1172,,,,,,,,
862,7490,8,1176,,,,,,,,
,7500,,,7.4,-3.9474449,,,,,,
858,7519,8,1180,,,,,,,,
860,7547,8,1184,,,,,,,,
860,7558,8,1188,,,,,,,,
862,7582,8,1192,,,,,,,,
,7600,,,6.6,-4.607499899999999,,,,,,
858,7604,8,1196,,,,,,,,
860,7630,8,1200,,,,,,,,
862,7660,8,1204,,,,,,,,
863,7678,8,1208,,,,,,,,
,7700,,,8.2,-5.8298802,,,,,,
858,7708,8,1212,,,,,,,,
861,7744,8,1216,,,,,,,,
861,7752,8,1220,,,,,,,,
864,7782,9,1224,,,,,,,,
,7800,,,7.6,-4.8851439,,,,,,
860,7815,9,1228,,,,,,,,
862,7846,9,1232,,,,,,,,
864,7878,9,1236,,,,,,,,
,7900,,,9.0,-5.862502699999999,,,,,,
859,7906,9,1240,,,,,,,,
860,7924,9,1244,,,,,,,,
861,7943,9,1248,,,,,,,,
863,7970,9,1252,,,,,,,,
864,7994,9,1256,,,,,,,,
,8000,,,7.6,-3.3234975000000007,,,,,,
859,8010,9,1260,,,,,,,,
859,8024,9,1264,,,,,,,,
859,8031,9,1268,,,,,,,,
861,8051,9,1272,,,,,,,,
863,8084,9,1276,,,,,,,,
,8100,,,9.0,-6.987921099999999,,,,,,
859,8120,9,1280,,,,,,,,
860,8145,9,1284,,,,,,,,
862,8168,9,1288,,,,,,,,
863,8194,9,1292,,,,,,,,
,8200,,,7.4,-4.1038415,,,,,,
858,8214,9,1296,,,,,,,,
860,8237,9,1300,,,,,,,,
862,8268,9,1304,,,,,,,,
863,8292,9,1308,,,,,,,,
,8300,,,6.6,-4.3705315,,,,,,
859,8316,9,1312,,,,,,,,
861,8347,9,1316,,,,,,,,
862,8365,9,1320,,,,,,,,
864,8394,9,1324,,,,,,,,
,8400,,,7.4,-4.5899588,,,,,,
859,8419,9,1328,,,,,,,,
860,8441,9,1332,,,,,,,,
862,8471,9,1336,,,,,,,,
864,8496,9,1340,,,,,,,,
,8500,,,9.0,-6.886000499999999,,,,,,
859,8524,9,1344,,,,,,,,
861,8554,9,1348,,,,,,,,
862,8579,9,1352,,,,,,,,
864,8599,9,1356,,,,,,,,
,8600,,,8.4,-5.767241799999999,,,,,,
858,8620,10,1360,,,,,,,,
860,8650,10,1364,,,,,,,,
861,8667,10,1368,,,,,,,,
863,8694,10,1372,,,,,,,,
,8700,,,9.0,-5.7782919,,,,,,
856,8706,10,1376,,,,,,,,
858,8731,10,1380,,,,,,,,
860,8763,10,1384,,,,,,,,
862,8799,10,1388,,,,,,,,
,8800,,,8.6,-5.421224700000001,,,,,,
857,8819,10,1392,,,,,,,,
859,8855,10,1396,,,,,,,,
860,8877,10,1400,,,,,,,,
,8900,,,8.2,-4.6962698,,,,,,
856,8903,10,1404,,,,,,,,
858,8933,10,1408,,,,,,,,
860,8964,10,1412,,,,,,,,
862,8992,10,1416,,,,,,,,
,9000,,,8.2,-5.6771124,,,,,,
857,9024,10,1420,,,,,,,,
859,9050,10,1424,,,,,,,,
860,9068,10,1428,,,,,,,,
862,9096,10,1432,,,,,,,,
,9100,,,7.4,-4.5707237,,,,,,
857,9113,10,1436,,,,,,,,
858,9135,10,1440,,,,,,,,
859,9161,10,1444,,,,,,,,
862,9196,10,1448,,,,,,,,
,9200,,,6.9,-4.318857499999999,,,,,,
858,9232,10,1452,,,,,,,,
861,9267,10,1456,,,,,,,,
861,9277,10,1460,,,,,,,,
862,9295,10,1464,,,,,,,,
,9300,,,6.8,-4.2355152,,,,,,
858,9323,10,1468,,,,,,,,
859,9345,10,1472,,,,,,,,
860,9368,10,1476,,,,,,,,
862,9393,10,1480,,,,,,,,
,9400,,,8.4,-5.824122900000001,,,,,,
857,9418,10,1484,,,,,,,,
859,9444,10,1488,,,,,,,,
860,9472,11,1492,,,,,,,,
862,9493,11,1496,,,,,,,,
,9500,,,9.0,-5.8334622,,,,,,
857,9522,11,1500,,,,,,,,
858,9543,11,1504,,,,,,,,
860,9576,11,1508,,,,,,,,
,9600,,,8.2,-5.5251749,,,,,,
856,9605,11,1512,,,,,,,,
857,9631,11,1516,,,,,,,,
859,9658,11,1520,,,,,,,,
861,9694,11,1524,,,,,,,,
,9700,,,8.2,-5.8967227,,,,,,
856,9725,11,1528,,,,,,,,
857,9738,11,1532,,,,,,,,
859,9770,11,1536,,,,,,,,
860,9788,11,1540,,,,,,,,
,9800,,,7.5,-3.8251611999999993,,,,,,
855,9813,11,1544,,,,,,,,
855,9822,11,1548,,,,,,,,
857,9850,11,1552,,,,,,,,
858,9874,11,1556,,,,,,,,
860,9898,11,1560,,,,,,,,
,9900,,,8.2,-5.3406583,,,,,,
854,9912,11,1564,,,,,,,,
856,9940,11,1568,,,,,,,,
857,9971,11,1572,,,,,,,,
858,9989,11,1576,,,,,,,,
,10000,,,7.5,-4.8168023,,,,,,
855,10024,11,1580,,,,,,,,
856,10046,11,1584,,,,,,,,
858,10082,11,1588,,,,,,,,
,10100,,,7.4,-4.709831500000001,,,,,,
853,10108,11,1592,,,,,,,,
855,10139,11,1596,,,,,,,,
857,10167,11,1600,,,,,,,,
858,10187,11,1604,,,,,,,,
,10200,,,8.2,-4.9502929,,,,,,
853,10213,11,1608,,,,,,,,
854,10230,11,1612,,,,,,,,
856,10263,11,1616,,,,,,,,
856,10276,11,1620,,,,,,,,
857,10293,11,1624,,,,,,,,
,10300,,,8.2,-5.486154600000001,,,,,,
853,10329,12,1628,,,,,,,,
854,10349,12,1632,,,,,,,,
856,10381,12,1636,,,,,,,,
856,10390,12,1640,,,,,,,,
,10400,,,8.4,-5.8795139999999995,,,,,,
852,10423,12,1644,,,,,,,,
854,10459,12,1648,,,,,,,,
856,10495,12,1652,,,,,,,,
,10500,,,7.3,-4.3559328,,,,,,
852,10528,12,1656,,,,,,,,
853,10552,12,1660,,,,,,,,
854,10575,12,1664,,,,,,,,
,10600,,,9.0,-5.772392999999999,,,,,,
849,10601,12,1668,,,,,,,,
850,10622,12,1672,,,,,,,,
852,10655,12,1676,,,,,,,,
852,10668,12,1680,,,,,,,,
853,10686,12,1684,,,,,,,,
,10700,,,8.0,-4.669700799999999,,,,,,
848,10712,12,1688,,,,,,,,
850,10748,12,1692,,,,,,,,
851,10763,12,1696,,,,,,,,
853,10793,12,1700,,,,,,,,
,10800,,,8.2,-5.7067047,,,,,,
847,10813,12,1704,,,,,,,,
848,10843,12,1708,,,,,,,,
850,10872,12,1712,,,,,,,,
851,10899,12,1716,,,,,,,,
,10900,,,8.2,-5.3569287999999995,,,,,,
846,10919,12,1720,,,,,,,,
847,10947,12,1724,,,,,,,,
849,10972,12,1728,,,,,,,,
849,10991,12,1732,,,,,,,,
,11000,,,8.3,-5.908309900000001,,,,,,
846,11027,13,1736,,,,,,,,
847,11061,13,1740,,,,,,,,
848,11082,13,1744,,,,,,,,
,11100,,,8.2,-5.7738925000000005,,,,,,
844,11109,13,1748,,,,,,,,
845,11129,13,1752,,,,,,,,
846,11160,13,1756,,,,,,,,
848,11190,13,1760,,,,,,,,
,11200,,,8.2,-5.8691733,,,,,,
843,11211,13,1764,,,,,,,,
844,11232,13,1768,,,,,,,,
845,11256,13,1772,,,,,,,,
847,11289,13,1776,,,,,,,,
,11300,,,8.5,-6.912502999999999,,,,,,
842,11325,13,1780,,,,,,,,
843,11345,13,1784,,,,,,,,
844,11375,13,1788,,,,,,,,
845,11391,13,1792,,,,,,,,
,11400,,,8.2,-6.0506925,,,,,,
841,11427,13,1796,,,,,,,,
843,11463,13,1800,,,,,,,,
844,11486,13,1804,,,,,,,,
,11500,,,8.2,-4.714041699999999,,,,,,
839,11516,13,1808,,,,,,,,
840,11538,13,1812,,,,,,,,
841,11565,13,1816,,,,,,,,
843,11593,13,1820,,,,,,,,
,11600,,,8.4,-6.507867300000001,,,,,,
839,11624,13,1824,,,,,,,,
839,11641,13,1828,,,,,,,,
840,11659,13,1832,,,,,,,,
841,11688,13,1836,,,,,,,,
,11700,,,7.4,-5.5823564,,,,,,
838,11717,13,1840,,,,,,,,
838,11734,13,1844,,,,,,,,
840,11764,14,1848,,,,,,,,
841,11785,14,1852,,,,,,,,
,11800,,,8.2,-4.6675219,,,,,,
837,11818,14,1856,,,,,,,,
839,11854,14,1860,,,,,,,,
840,11880,14,1864,,,,,,,,
,11900,,,7.4,-4.734999,,,,,,
836,11903,14,1868,,,,,,,,
837,11927,14,1872,,,,,,,,
839,11955,14,1876,,,,,,,,
840,11980,14,1880,,,,,,,,
,12000,,,6.0,-3.6972158,,,,,,
837,12005,14,1884,,,,,,,,
838,12030,14,1888,,,,,,,,
839,12054,14,1892,,,,,,,,
840,12080,14,1896,,,,,,,,
,12100,,,9.0,-5.8967499000000005,,,,,,
836,12113,14,1900,,,,,,,,
838,12142,14,1904,,,,,,,,
838,12155,14,1908,,,,,,,,
839,12173,14,1912,,,,,,,,
840,12199,14,1916,,,,,,,,
,12200,,,9.0,-5.2201534999999994,,,,,,
834,12204,14,1920,,,,,,,,
836,12235,14,1924,,,,,,,,
837,12271,14,1928,,,,,,,,
838,12293,14,1932,,,,,,,,
,12300,,,7.6,-5.7587049,,,,,,
833,12309,14,1936,,,,,,,,
835,12338,14,1940,,,,,,,,
836,12366,14,1944,,,,,,,,
837,12394,14,1948,,,,,,,,
,12400,,,8.5,-6.237294800000001,,,,,,
833,12424,14,1952,,,,,,,,
834,12452,14,1956,,,,,,,,
835,12473,14,1960,,,,,,,,
836,12496,14,1964,,,,,,,,
,12500,,,4.2,-1.8449773,,,,,,
831,12519,15,1968,,,,,,,,
832,12539,15,1972,,,,,,,,
833,12566,15,1976,,,,,,,,
835,12598,15,1980,,,,,,,,
,12600,,,8.6,-5.5174274,,,,,,
830,12619,15,1984,,,,,,,,
831,12637,15,1988,,,,,,,,
832,12658,15,1992,,,,,,,,
833,12690,15,1996,,,,,,,,
,12700,,,9.0,-6.446080299999998,,,,,,
830,12726,15,2000,,,,,,,,
831,12757,15,2004,,,,,,,,
833,12787,15,2008,,,,,,,,
,12800,,,9.0,-7.5803037,,,,,,
829,12817,15,2012,,,,,,,,
829,12834,15,2016,,,,,,,,
831,12860,15,2020,,,,,,,,
831,12881,15,2024,,,,,,,,
832,12890,15,2028,,,,,,,,
,12900,,,8.2,-5.752371,,,,,,
828,12914,15,2032,,,,,,,,
829,12947,15,2036,,,,,,,,
830,12975,15,2040,,,,,,,,
,13000,,,6.0,-2.8183662,,,,,,
828,13005,15,2044,,,,,,,,
829,13033,15,2048,,,,,,,,
829,13042,15,2052,,,,,,,,
830,13060,15,2056,,,,,,,,
831,13081,15,2060,,,,,,,,
831,13094,15,2064,,,,,,,,
,13100,,,7.4,-5.546213099999999,,,,,,
828,13122,15,2068,,,,,,,,
828,13135,15,2072,,,,,,,,
829,13157,15,2076,,,,,,,,
831,13192,15,2080,,,,,,,,
,13200,,,7.5,-5.4389082,,,,,,
828,13223,15,2084,,,,,,,,
829,13255,15,2088,,,,,,,,
830,13276,15,2092,,,,,,,,
,13300,,,9.0,-5.977158,,,,,,
826,13304,16,2096,,,,,,,,
827,13324,16,2100,,,,,,,,
828,13353,16,2104,,,,,,,,
829,13381,16,2108,,,,,,,,
,13400,,,5.8,-2.6337608999999995,,,,,,
826,13404,16,2112,,,,,,,,
827,13426,16,2116,,,,,,,,
829,13462,16,2120,,,,,,,,
830,13482,16,2124,,,,,,,,
,13500,,,7.4,-5.1059453,,,,,,
827,13516,16,2128,,,,,,,,
828,13533,16,2132,,,,,,,,
829,13564,16,2136,,,,,,,,
829,13581,16,2140,,,,,,,,
,13600,,,7.4,-4.9232257,,,,,,
826,13608,16,2144,,,,,,,,
827,13629,16,2148,,,,,,,,
828,13653,16,2152,,,,,,,,
830,13689,16,2156,,,,,,,,
,13700,,,9.0,-5.5471924,,,,,,
826,13714,16,2160,,,,,,,,
826,13733,16,2164,,,,,,,,
828,13765,16,2168,,,,,,,,
828,13788,16,2172,,,,,,,,
,13800,,,8.2,-4.649937100000001,,,,,,
825,13817,16,2176,,,,,,,,
826,13842,16,2180,,,,,,,,
827,13868,16,2184,,,,,,,,
828,13892,16,2188,,,,,,,,
,13900,,,5.2,-2.5218476,,,,,,
827,13928,16,2192,,,,,,,,
828,13954,16,2196,,,,,,,,
828,13974,16,2200,,,,,,,,
829,13996,16,2204,,,,,,,,
,14000,,,8.2,-6.5170175,,,,,,
826,14025,16,2208,,,,,,,,
827,14053,16,2212,,,,,,,,
829,14087,16,2216,,,,,,,,
,14100,,,6.6,-3.7773251,,,,,,
826,14108,17,2220,,,,,,,,
826,14124,17,2224,,,,,,,,
827,14154,17,2228,,,,,,,,
829,14185,17,2232,,,,,,,,
,14200,,,6.6,-4.7945967000000005,,,,,,
826,14213,17,2236,,,,,,,,
827,14242,17,2240,,,,,,,,
828,14264,17,2244,,,,,,,,
829,14294,17,2248,,,,,,,,
,14300,,,8.2,-5.9410304,,,,,,
826,14325,17,2252,,,,,,,,
827,14355,17,2256,,,,,,,,
828,14383,17,2260,,,,,,,,
,14400,,,7.4,-4.4382193,,,,,,
825,14405,17,2264,,,,,,,,
825,14418,17,2268,,,,,,,,
826,14440,17,2272,,,,,,,,
827,14471,17,2276,,,,,,,,
828,14493,17,2280,,,,,,,,
,14500,,,7.4,-4.7243794,,,,,,
825,14523,17,2284,,,,,,,,
826,14546,17,2288,,,,,,,,
827,14565,17,2292,,,,,,,,
,14600,,,9.0,-6.2786843,,,,,,
824,14601,17,2296,,,,,,,,
825,14633,17,2300,,,,,,,,
826,14664,17,2304,,,,,,,,
827,14690,17,2308,,,,,,,,
,14700,,,8.2,-5.9017333999999995,,,,,,
824,14715,17,2312,,,,,,,,
825,14751,17,2316,,,,,,,,
826,14774,17,2320,,,,,,,,
,14800,,,9.0,-5.6254937,,,,,,
823,14804,17,2324,,,,,,,,
824,14828,17,2328,,,,,,,,
824,14847,17,2332,,,,,,,,
825,14876,18,2336,,,,,,,,
826,14884,18,2340,,,,,,,,
,14900,,,7.6,-5.8338053,,,,,,
823,14913,18,2344,,,,,,,,
824,14942,18,2348,,,,,,,,
825,14978,18,2352,,,,,,,,
,15000,,,7.4,-4.702779099999999,,,,,,
822,15001,18,2356,,,,,,,,
823,15028,18,2360,,,,,,,,
824,15045,18,2364,,,,,,,,
825,15073,18,2368,,,,,,,,
825,15093,18,2372,,,,,,,,
,15100,,,9.0,-6.331259300000001,,,,,,
822,15119,18,2376,,,,,,,,
823,15144,18,2380,,,,,,,,
823,15160,18,2384,,,,,,,,
824,15184,18,2388,,,,,,,,
825,15197,18,2392,,,,,,,,
,15200,,,7.4,-3.8963068,,,,,,
822,15231,18,2396,,,,,,,,
823,15257,18,2400,,,,,,,,
823,15272,18,2404,,,,,,,,
824,15299,18,2408,,,,,,,,
,15300,,,8.2,-5.5935264,,,,,,
821,15320,18,2412,,,,,,,,
822,15348,18,2416,,,,,,,,
822,15374,18,2420,,,,,,,,
,15400,,,9.0,-5.7563294,,,,,,
820,15406,18,2424,,,,,,,,
820,15429,18,2428,,,,,,,,
821,15445,18,2432,,,,,,,,
822,15481,18,2436,,,,,,,,
822,15493,18,2440,,,,,,,,
,15500,,,6.0,-3.4515817999999996,,,,,,
821,15524,18,2444,,,,,,,,
821,15541,18,2448,,,,,,,,
822,15564,18,2452,,,,,,,,
823,15596,18,2456,,,,,,,,
,15600,,,6.6,-3.8701753000000005,,,,,,
821,15624,19,2460,,,,,,,,
822,15651,19,2464,,,,,,,,
822,15669,19,2468,,,,,,,,
823,15690,19,2472,,,,,,,,
,15700,,,6.6,-3.9640782999999997,,,,,,
820,15707,19,2476,,,,,,,,
821,15729,19,2480,,,,,,,,
822,15760,19,2484,,,,,,,,
823,15789,19,2488,,,,,,,,
,15800,,,8.3,-4.3748131,,,,,,
819,15807,19,2492,,,,,,,,
820,15843,19,2496,,,,,,,,
821,15871,19,2500,,,,,,,,
822,15894,19,2504,,,,,,,,
,15900,,,8.2,-6.3989214,,,,,,
819,15913,19,2508,,,,,,,,
820,15937,19,2512,,,,,,,,
820,15962,19,2516,,,,,,,,
821,15980,19,2520,,,,,,,,
,16000,,,7.4,-5.3580146,,,,,,
818,16008,19,2524,,,,,,,,
819,16025,19,2528,,,,,,,,
820,16051,19,2532,,,,,,,,
820,16072,19,2536,,,,,,,,
,16100,,,8.2,-5.8221948,,,,,,
818,16103,19,2540,,,,,,,,
819,16126,19,2544,,,,,,,,
820,16153,19,2548,,,,,,,,
820,16176,19,2552,,,,,,,,
,16200,,,6.9,-3.5070645,,,,,,
818,16204,19,2556,,,,,,,,
818,16217,19,2560,,,,,,,,
819,16237,19,2564,,,,,,,,
819,16264,19,2568,,,,,,,,
821,16298,19,2572,,,,,,,,
,16300,,,7.2,-4.466443,,,,,,
818,16329,19,2576,,,,,,,,
819,16344,19,2580,,,,,,,,
820,16368,19,2584,,,,,,,,
820,16393,19,2588,,,,,,,,
,16400,,,8.2,-7.0561295,,,,,,
817,16409,20,2592,,,,,,,,
818,16430,20,2596,,,,,,,,
819,16459,20,2600,,,,,,,,
819,16478,20,2604,,,,,,,,
,16500,,,9.0,-7.005452600000001,,,,,,
816,16501,20,2608,,,,,,,,
816,16524,20,2612,,,,,,,,
817,16560,20,2616,,,,,,,,
818,16578,20,2620,,,,,,,,
,16600,,,8.2,-6.5165101,,,,,,
815,16606,20,2624,,,,,,,,
816,16631,20,2628,,,,,,,,
816,16654,20,2632,,,,,,,,
817,16686,20,2636,,,,,,,,
,16700,,,5.9,-3.3346699,,,,,,
815,16720,20,2640,,,,,,,,
816,16751,20,2644,,,,,,,,
817,16781,20,2648,,,,,,,,
818,16794,20,2652,,,,,,,,
,16800,,,9.0,-6.3907093,,,,,,
814,16814,20,2656,,,,,,,,
815,16829,20,2660,,,,,,,,
815,16850,20,2664,,,,,,,,
816,16877,20,2668,,,,,,,,
,16900,,,7.7,-4.7380681000000004,,,,,,
814,16903,20,2672,,,,,,,,
814,16923,20,2676,,,,,,,,
815,16944,20,2680,,,,,,,,
816,16975,20,2684,,,,,,,,
,17000,,,9.0,-6.0017899,,,,,,
812,17007,20,2688,,,,,,,,
813,17035,20,2692,,,,,,,,
814,17055,20,2696,,,,,,,,
815,17090,20,2700,,,,,,,,
,17100,,,7.4,-3.498024,,,,,,
813,17126,21,2704,,,,,,,,
814,17158,21,2708,,,,,,,,
815,17183,21,2712,,,,,,,,
,17200,,,7.4,-3.9604231999999997,,,,,,
812,17212,21,2716,,,,,,,,
813,17240,21,2720,,,,,,,,
814,17268,21,2724,,,,,,,,
814,17286,21,2728,,,,,,,,
,17300,,,7.4,-4.9752218,,,,,,
811,17300,21,2732,,,,,,,,
812,17324,21,2736,,,,,,,,
813,17354,21,2740,,,,,,,,
814,17385,21,2744,,,,,,,,
,17400,,,9.0,-6.773614499999999,,,,,,
811,17408,21,2748,,,,,,,,
811,17430,21,2752,,,,,,,,
813,17465,21,2756,,,,,,,,
813,17491,21,2760,,,,,,,,
,17500,,,9.0,-7.0994162,,,,,,
810,17505,21,2764,,,,,,,,
811,17530,21,2768,,,,,,,,
811,17551,21,2772,,,,,,,,
813,17587,21,2776,,,,,,,,
,17600,,,6.0,-3.3200822000000003,,,,,,
811,17623,21,2780,,,,,,,,
812,17652,21,2784,,,,,,,,
813,17688,21,2788,,,,,,,,
,17700,,,8.2,-5.882915,,,,,,
810,17714,21,2792,,,,,,,,
811,17749,21,2796,,,,,,,,
812,17774,21,2800,,,,,,,,
,17800,,,8.4,-5.995174199999999,,,,,,
808,17802,22,2804,,,,,,,,
809,17838,22,2808,,,,,,,,
810,17858,22,2812,,,,,,,,
810,17873,22,2816,,,,,,,,
811,17898,22,2820,,,,,,,,
,17900,,,8.2,-5.349599700000001,,,,,,
808,17920,22,2824,,,,,,,,
809,17950,22,2828,,,,,,,,
810,17969,22,2832,,,,,,,,
810,17992,22,2836,,,,,,,,
810,17999,22,2840,,,,,,,,
,18000,,,7.4,-3.630373,,,,,,
808,18035,22,2844,,,,,,,,
809,18059,22,2848,,,,,,,,
810,18086,22,2852,,,,,,,,
,18100,,,9.0,-6.8152961,,,,,,
807,18115,22,2856,,,,,,,,
808,18142,22,2860,,,,,,,,
809,18168,22,2864,,,,,,,,
810,18196,22,2868,,,,,,,,
,18200,,,6.8,-4.3747965,,,,,,
808,18231,22,2872,,,,,,,,
809,18259,22,2876,,,,,,,,
810,18291,22,2880,,,,,,,,
,18300,,,5.8,-2.3995071,,,,,,
808,18314,22,2884,,,,,,,,
808,18337,22,2888,,,,,,,,
809,18358,22,2892,,,,,,,,
810,18379,22,2896,,,,,,,,
,18400,,,8.2,-6.046785300000001,,,,,,
807,18407,22,2900,,,,,,,,
807,18429,22,2904,,,,,,,,
808,18457,22,2908,,,,,,,,
809,18479,22,2912,,,,,,,,
,18500,,,7.4,-5.412569700000001,,,,,,
806,18500,22,2916,,,,,,,,
807,18524,22,2920,,,,,,,,
808,18560,22,2924,,,,,,,,
808,18574,22,2928,,,,,,,,
809,18595,22,2932,,,,,,,,
,18600,,,7.6,-4.4884617,,,,,,
806,18625,23,2936,,,,,,,,
807,18652,23,2940,,,,,,,,
808,18682,23,2944,,,,,,,,
,18700,,,7.0,-4.5882760000000005,,,,,,
806,18718,23,2948,,,,,,,,
807,18749,23,2952,,,,,,,,
808,18777,23,2956,,,,,,,,
808,18796,23,2960,,,,,,,,
,18800,,,6.9,-4.612301500000001,,,,,,
806,18825,23,2964,,,,,,,,
806,18840,23,2968,,,,,,,,
807,18868,23,2972,,,,,,,,
807,18893,23,2976,,,,,,,,
,18900,,,7.4,-4.0305087,,,,,,
805,18920,23,2980,,,,,,,,
806,18940,23,2984,,,,,,,,
806,18961,23,2988,,,,,,,,
807,18985,23,2992,,,,,,,,
,19000,,,8.8,-4.381303000000001,,,,,,
804,19015,23,2996,,,,,,,,
805,19039,23,3000,,,,,,,,
806,19075,23,3004,,,,,,,,
807,19099,23,3008,,,,,,,,
,19100,,,7.4,-4.6436828,,,,,,
804,19115,23,3012,,,,,,,,
805,19147,23,3016,,,,,,,,
806,19165,23,3020,,,,,,,,
806,19197,23,3024,,,,,,,,
,19200,,,8.2,-6.4020572,,,,,,
804,19225,23,3028,,,,,,,,
805,19251,23,3032,,,,,,,,
805,19277,23,3036,,,,,,,,
,19300,,,8.2,-5.1988132,,,,,,
803,19313,24,3040,,,,,,,,
804,19334,24,3044,,,,,,,,
804,19351,24,3048,,,,,,,,
805,19382,24,3052,,,,,,,,
,19400,,,6.8,-3.9978131000000006,,,,,,
803,19411,24,3056,,,,,,,,
804,19439,24,3060,,,,,,,,
805,19465,24,3064,,,,,,,,
805,19485,24,3068,,,,,,,,
,19500,,,6.6,-4.6553605,,,,,,
804,19518,24,3072,,,,,,,,
804,19544,24,3076,,,,,,,,
805,19571,24,3080,,,,,,,,
805,19584,24,3084,,,,,,,,
,19600,,,7.4,-4.1378934,,,,,,
803,19605,24,3088,,,,,,,,
803,19619,24,3092,,,,,,,,
804,19647,24,3096,,,,,,,,
805,19677,24,3100,,,,,,,,
,19700,,,8.2,-6.5210305,,,,,,
803,19705,24,3104,,,,,,,,
803,19726,24,3108,,,,,,,,
804,19755,24,3112,,,,,,,,
805,19775,24,3116,,,,,,,,
,19800,,,8.2,-5.5731317,,,,,,
802,19804,24,3120,,,,,,,,
803,19830,24,3124,,,,,,,,
804,19859,24,3128,,,,,,,,
804,19882,24,3132,,,,,,,,
,19900,,,9.0,-6.1894542999999995,,,,,,
802,19911,24,3136,,,,,,,,
803,19943,24,3140,,,,,,,,
804,19970,24,3144,,,,,,,,
,20000,,,7.4,-5.4719430000000004,,,,,,
802,20005,24,3148,,,,,,,,
802,20022,24,3152,,,,,,,,
803,20050,24,3156,,,,,,,,
804,20074,24,3160,,,,,,,,
,20100,,,8.2,-4.9884257,,,,,,
802,20103,25,3164,,,,,,,,
802,20126,25,3168,,,,,,,,
803,20151,25,3172,,,,,,,,
804,20177,25,3176,,,,,,,,
,20200,,,8.2,-4.084461800000001,,,,,,
802,20213,25,3180,,,,,,,,
802,20234,25,3184,,,,,,,,
803,20257,25,3188,,,,,,,,
804,20290,25,3192,,,,,,,,
,20300,,,8.4,-6.515525599999999,,,,,,
801,20316,25,3196,,,,,,,,
802,20336,25,3200,,,,,,,,
803,20372,25,3204,,,,,,,,
,20400,,,7.5,-5.222611499999999,,,,,,
801,20400,25,3208,,,,,,,,
801,20423,25,3212,,,,,,,,
802,20445,25,3216,,,,,,,,
802,20460,25,3220,,,,,,,,
803,20479,25,3224,,,,,,,,
803,20494,25,3228,,,,,,,,
,20500,,,9.0,-6.6938463,,,,,,
801,20523,25,3232,,,,,,,,
801,20535,25,3236,,,,,,,,
801,20551,25,3240,,,,,,,,
802,20573,25,3244,,,,,,,,
803,20598,25,3248,,,,,,,,
,20600,,,8.2,-4.6574681,,,,,,
801,20633,25,3252,,,,,,,,
801,20659,25,3256,,,,,,,,
802,20695,25,3260,,,,,,,,
,20700,,,8.2,-5.6452283,,,,,,
799,20701,25,3264,,,,,,,,
800,20726,25,3268,,,,,,,,
800,20744,25,3272,,,,,,,,
801,20765,25,3276,,,,,,,,
802,20793,25,3280,,,,,,,,
,20800,,,9.0,-5.4501124,,,,,,
799,20816,26,3284,,,,,,,,
800,20835,26,3288,,,,,,,,
801,20871,26,3292,,,,,,,,
801,20899,26,3296,,,,,,,,
,20900,,,7.4,-4.1828039,,,,,,
799,20931,26,3300,,,,,,,,
800,20950,26,3304,,,,,,,,
800,20972,26,3308,,,,,,,,
801,20993,26,3312,,,,,,,,
,21000,,,9.0,-5.4635121,,,,,,
798,21023,26,3316,,,,,,,,
799,21058,26,3320,,,,,,,,
800,21084,26,3324,,,,,,,,
,21100,,,7.4,-5.250904800000001,,,,,,
799,21120,26,3328,,,,,,,,
799,21151,26,3332,,,,,,,,
800,21174,26,3336,,,,,,,,
800,21190,26,3340,,,,,,,,
,21200,,,9.0,-5.8713128,,,,,,
798,21218,26,3344,,,,,,,,
798,21244,26,3348,,,,,,,,
799,21275,26,3352,,,,,,,,
,21300,,,7.8,-5.1880907999999994,,,,,,
797,21310,26,3356,,,,,,,,
797,21335,26,3360,,,,,,,,
798,21364,26,3364,,,,,,,,
799,21384,26,3368,,,,,,,,
,21400,,,8.2,-6.0817459,,,,,,
796,21402,26,3372,,,,,,,,
797,21433,26,3376,,,,,,,,
798,21458,26,3380,,,,,,,,
798,21471,26,3384,,,,,,,,
,21500,,,7.6,-5.2373899,,,,,,
796,21501,26,3388,,,,,,,,
797,21528,26,3392,,,,,,,,
797,21544,27,3396,,,,,,,,
798,21577,27,3400,,,,,,,,
,21600,,,7.9,-4.9488763,,,,,,
796,21602,27,3404,,,,,,,,
797,21619,27,3408,,,,,,,,
797,21642,27,3412,,,,,,,,
798,21672,27,3416,,,,,,,,
798,21693,27,3420,,,,,,,,
,21700,,,9.0,-4.627777400000001,,,,,,
796,21719,27,3424,,,,,,,,
796,21742,27,3428,,,,,,,,
797,21767,27,3432,,,,,,,,
,21800,,,7.1,-4.396256999999999,,,,,,
795,21801,27,3436,,,,,,,,
796,21832,27,3440,,,,,,,,
797,21862,27,3444,,,,,,,,
797,21886,27,3448,,,,,,,,
,21900,,,7.4,-5.7479235,,,,,,
795,21906,27,3452,,,,,,,,
796,21933,27,3456,,,,,,,,
796,21959,27,3460,,,,,,,,
797,21985,27,3464,,,,,,,,
,22000,,,6.4,-3.2822095000000004,,,,,,
795,22013,27,3468,,,,,,,,
796,22041,27,3472,,,,,,,,
797,22076,27,3476,,,,,,,,
,22100,,,6.8,-3.3283937999999997,,,,,,
795,22105,27,3480,,,,,,,,
796,22139,27,3484,,,,,,,,
797,22175,27,3488,,,,,,,,
,22200,,,9.0,-6.677211300000001,,,,,,
795,22201,27,3492,,,,,,,,
796,22232,27,3496,,,,,,,,
796,22252,27,3500,,,,,,,,
797,22273,27,3504,,,,,,,,
,22300,,,9.0,-6.3883787,,,,,,
795,22303,28,3508,,,,,,,,
795,22330,28,3512,,,,,,,,
796,22364,28,3516,,,,,,,,
,22400,,,6.2,-3.6068059,,,,,,
795,22400,28,3520,,,,,,,,
795,22428,28,3524,,,,,,,,
796,22461,28,3528,,,,,,,,
797,22492,28,3532,,,,,,,,
,22500,,,8.3,-6.6379234,,,,,,
795,22522,28,3536,,,,,,,,
796,22550,28,3540,,,,,,,,
796,22579,28,3544,,,,,,,,
,22600,,,8.9,-6.5490973000000015,,,,,,
794,22604,28,3548,,,,,,,,
794,22624,28,3552,,,,,,,,
795,22646,28,3556,,,,,,,,
796,22677,28,3560,,,,,,,,
,22700,,,9.0,-6.6250838000000005,,,,,,
794,22707,28,3564,,,,,,,,
794,22725,28,3568,,,,,,,,
795,22750,28,3572,,,,,,,,
796,22785,28,3576,,,,,,,,
,22800,,,9.0,-6.974222899999999,,,,,,
794,22816,28,3580,,,,,,,,
794,22839,28,3584,,,,,,,,
795,22865,28,3588,,,,,,,,
795,22895,28,3592,,,,,,,,
,22900,,,8.2,-6.8249318,,,,,,
793,22915,28,3596,,,,,,,,
793,22939,28,3600,,,,,,,,
794,22970,28,3604,,,,,,,,
795,22996,28,3608,,,,,,,,
,23000,,,8.2,-5.2758241,,,,,,
793,23011,29,3612,,,,,,,,
793,23039,29,3616,,,,,,,,
794,23060,29,3620,,,,,,,,
794,23076,29,3624,,,,,,,,
,23100,,,8.2,-4.624924699999999,,,,,,
792,23111,29,3628,,,,,,,,
793,23136,29,3632,,,,,,,,
794,23165,29,3636,,,,,,,,
794,23186,29,3640,,,,,,,,
,23200,,,6.0,-2.650266,,,,,,
793,23216,29,3644,,,,,,,,
793,23247,29,3648,,,,,,,,
794,23280,29,3652,,,,,,,,
,23300,,,9.0,-6.697665599999999,,,,,,
792,23303,29,3656,,,,,,,,
793,23327,29,3660,,,,,,,,
794,23358,29,3664,,,,,,,,
794,23394,29,3668,,,,,,,,
,23400,,,7.4,-5.825686299999999,,,,,,
793,23423,29,3672,,,,,,,,
793,23454,29,3676,,,,,,,,
794,23477,29,3680,,,,,,,,
,23500,,,9.0,-7.1791324,,,,,,
792,23506,29,3684,,,,,,,,
793,23538,29,3688,,,,,,,,
793,23567,29,3692,,,,,,,,
794,23583,29,3696,,,,,,,,
,23600,,,5.8,-2.8205955,,,,,,
792,23601,29,3700,,,,,,,,
793,23627,29,3704,,,,,,,,
793,23648,29,3708,,,,,,,,
794,23674,29,3712,,,,,,,,
,23700,,,4.7,-2.4041091999999997,,,,,,
793,23703,29,3716,,,,,,,,
793,23733,29,3720,,,,,,,,
794,23763,29,3724,,,,,,,,
794,23784,29,3728,,,,,,,,
,23800,,,6.5,-3.7140882000000004,,,,,,
793,23815,30,3732,,,,,,,,
794,23835,30,3736,,,,,,,,
794,23870,30,3740,,,,,,,,
795,23895,30,3744,,,,,,,,
,23900,,,8.2,-4.6448767,,,,,,
793,23931,30,3748,,,,,,,,
794,23965,30,3752,,,,,,,,
795,23982,30,3756,,,,,,,,
,24000,,,9.0,-5.441569899999999,,,,,,
793,24010,30,3760,,,,,,,,
793,24028,30,3764,,,,,,,,
794,24060,30,3768,,,,,,,,
794,24069,30,3772,,,,,,,,
794,24082,30,3776,,,,,,,,
,24100,,,8.2,-6.2781464,,,,,,
793,24117,30,3780,,,,,,,,
793,24145,30,3784,,,,,,,,
794,24162,30,3788,,,,,,,,
794,24190,30,3792,,,,,,,,
,24200,,,7.4,-4.1426289999999995,,,,,,
793,24220,30,3796,,,,,,,,
793,24251,30,3800,,,,,,,,
794,24272,30,3804,,,,,,,,
794,24293,30,3808,,,,,,,,
,24300,,,8.2,-5.511140299999999,,,,,,
793,24321,30,3812,,,,,,,,
793,24346,30,3816,,,,,,,,
794,24373,30,3820,,,,,,,,
794,24394,30,3824,,,,,,,,
,24400,,,7.9,-4.918265099999999,,,,,,
793,24422,30,3828,,,,,,,,
793,24438,30,3832,,,,,,,,
793,24452,30,3836,,,,,,,,
793,24473,30,3840,,,,,,,,
794,24489,30,3844,,,,,,,,
,24500,,,8.2,-6.643684800000001,,,,,,
792,24517,30,3848,,,,,,,,
793,24541,30,3852,,,,,,,,
793,24572,30,3856,,,,,,,,
794,24596,30,3860,,,,,,,,
,24600,,,7.4,-4.251713199999999,,,,,,
792,24626,31,3864,,,,,,,,
793,24646,31,3868,,,,,,,,
793,24667,31,3872,,,,,,,,
794,24688,31,3876,,,,,,,,
,24700,,,7.5,-5.192525399999999,,,,,,
792,24724,31,3880,,,,,,,,
793,24744,31,3884,,,,,,,,
793,24769,31,3888,,,,,,,,
,24800,,,8.2,-5.4433492,,,,,,
792,24805,31,3892,,,,,,,,
792,24829,31,3896,,,,,,,,
793,24851,31,3900,,,,,,,,
793,24864,31,3904,,,,,,,,
794,24893,31,3908,,,,,,,,
,24900,,,8.4,-6.3067921,,,,,,
792,24914,31,3912,,,,,,,,
792,24926,31,3916,,,,,,,,
793,24954,31,3920,,,,,,,,
793,24986,31,3924,,,,,,,,
,25000,,,9.0,-5.3061304,,,,,,
791,25011,31,3928,,,,,,,,
792,25035,31,3932,,,,,,,,
793,25070,31,3936,,,,,,,,
793,25095,31,3940,,,,,,,,
,25100,,,8.5,-4.8038170000000004,,,,,,
792,25129,31,3944,,,,,,,,
792,25153,31,3948,,,,,,,,
793,25188,31,3952,,,,,,,,
,25200,,,8.4,-6.2691146,,,,,,
791,25210,31,3956,,,,,,,,
791,25228,31,3960,,,,,,,,
792,25257,31,3964,,,,,,,,
792,25278,31,3968,,,,,,,,
,25300,,,6.6,-4.6903969000000005,,,,,,
791,25307,31,3972,,,,,,,,
791,25330,31,3976,,,,,,,,
792,25359,31,3980,,,,,,,,
793,25393,32,3984,,,,,,,,
,25400,,,9.0,-5.5812995,,,,,,
791,25411,32,3988,,,,,,,,
791,25432,32,3992,,,,,,,,
791,25452,32,3996,,,,,,,,
792,25468,32,4000,,,,,,,,
,25500,,,6.6,-2.4979728,,,,,,
791,25504,32,4004,,,,,,,,
791,25524,32,4008,,,,,,,,
791,25541,32,4012,,,,,,,,
792,25570,32,4016,,,,,,,,
792,25590,32,4020,,,,,,,,
,25600,,,9.0,-6.1106218,,,,,,
791,25626,32,4024,,,,,,,,
791,25651,32,4028,,,,,,,,
792,25680,32,4032,,,,,,,,
792,25698,32,4036,,,,,,,,
,25700,,,9.0,-6.3594469,,,,,,
791,25728,32,4040,,,,,,,,
791,25757,32,4044,,,,,,,,
792,25790,32,4048,,,,,,,,
,25800,,,8.1,-4.750894099999999,,,,,,
790,25818,32,4052,,,,,,,,
790,25840,32,4056,,,,,,,,
791,25861,32,4060,,,,,,,,
791,25884,32,4064,,,,,,,,
,25900,,,8.4,-4.6505808,,,,,,
790,25919,32,4068,,,,,,,,
790,25949,32,4072,,,,,,,,
791,25967,32,4076,,,,,,,,
791,25993,32,4080,,,,,,,,
,26000,,,8.2,-6.3159789,,,,,,
790,26020,32,4084,,,,,,,,
790,26048,32,4088,,,,,,,,
790,26053,32,4092,,,,,,,,
791,26079,32,4096,,,,,,,,
,26100,,,8.2,-5.869835800000001,,,,,,
789,26101,33,4100,,,,,,,,
790,26134,33,4104,,,,,,,,
790,26158,33,4108,,,,,,,,
790,26175,33,4112,,,,,,,,
,26200,,,8.2,-6.5419255000000005,,,,,,
789,26201,33,4116,,,,,,,,
789,26221,33,4120,,,,,,,,
789,26249,33,4124,,,,,,,,
790,26285,33,4128,,,,,,,,
,26300,,,8.1,-5.1373264,,,,,,
789,26313,33,4132,,,,,,,,
789,26344,33,4136,,,,,,,,
790,26374,33,4140,,,,,,,,
,26400,,,7.6,-4.5170212,,,,,,
788,26405,33,4144,,,,,,,,
789,26431,33,4148,,,,,,,,
790,26465,33,4152,,,,,,,,
790,26497,33,4156,,,,,,,,
,26500,,,8.2,-5.7205202,,,,,,
789,26524,33,4160,,,,,,,,
789,26550,33,4164,,,,,,,,
790,26568,33,4168,,,,,,,,
790,26583,33,4172,,,,,,,,
,26600,,,8.2,-4.0622492999999995,,,,,,
788,26605,33,4176,,,,,,,,
789,26633,33,4180,,,,,,,,
789,26650,33,4184,,,,,,,,
790,26686,33,4188,,,,,,,,
,26700,,,6.0,-3.4138778000000003,,,,,,
788,26707,33,4192,,,,,,,,
789,26733,33,4196,,,,,,,,
789,26755,33,4200,,,,,,,,
790,26776,33,4204,,,,,,,,
,26800,,,9.0,-6.3689949,,,,,,
788,26808,33,4208,,,,,,,,
789,26836,33,4212,,,,,,,,
789,26862,34,4216,,,,,,,,
790,26888,34,4220,,,,,,,,
,26900,,,8.2,-5.7680825,,,,,,
788,26908,34,4224,,,,,,,,
789,26936,34,4228,,,,,,,,
789,26961,34,4232,,,,,,,,
790,26990,34,4236,,,,,,,,
,27000,,,6.9,-4.5066918,,,,,,
789,27020,34,4240,,,,,,,,
789,27047,34,4244,,,,,,,,
790,27071,34,4248,,,,,,,,
,27100,,,9.0,-6.5472303,,,,,,
787,27100,34,4252,,,,,,,,
787,27128,34,4256,,,,,,,,
788,27139,34,4260,,,,,,,,
788,27175,34,4264,,,,,,,,
789,27198,34,4268,,,,,,,,
,27200,,,8.0,-5.053547,,,,,,
787,27219,34,4272,,,,,,,,
788,27250,34,4276,,,,,,,,
788,27277,34,4280,,,,,,,,
,27300,,,7.4,-5.2631629,,,,,,
787,27308,34,4284,,,,,,,,
788,27333,34,4288,,,,,,,,
788,27369,34,4292,,,,,,,,
789,27386,34,4296,,,,,,,,
,27400,,,8.7,-5.9701676,,,,,,
787,27409,34,4300,,,,,,,,
787,27427,34,4304,,,,,,,,
788,27449,34,4308,,,,,,,,
788,27468,34,4312,,,,,,,,
,27500,,,8.2,-5.748031500000001,,,,,,
787,27504,34,4316,,,,,,,,
787,27536,34,4320,,,,,,,,
788,27565,34,4324,,,,,,,,
788,27593,34,4328,,,,,,,,
,27600,,,8.2,-5.659236600000001,,,,,,
787,27618,35,4332,,,,,,,,
787,27643,35,4336,,,,,,,,
787,27666,35,4340,,,,,,,,
,27700,,,7.4,-4.4400265,,,,,,
786,27701,35,4344,,,,,,,,
787,27727,35,4348,,,,,,,,
787,27752,35,4352,,,,,,,,
788,27774,35,4356,,,,,,,,
,27800,,,9.0,-6.3582299,,,,,,
786,27802,35,4360,,,,,,,,
786,27822,35,4364,,,,,,,,
787,27850,35,4368,,,,,,,,
787,27879,35,4372,,,,,,,,
,27900,,,7.4,-3.538635,,,,,,
786,27914,35,4376,,,,,,,,
787,27938,35,4380,,,,,,,,
787,27974,35,4384,,,,,,,,
788,27997,35,4388,,,,,,,,
,28000,,,7.8,-4.4455792,,,,,,
786,28026,35,4392,,,,,,,,
787,28050,35,4396,,,,,,,,
788,28086,35,4400,,,,,,,,
,28100,,,9.0,-6.7263114999999996,,,,,,
786,28111,35,4404,,,,,,,,
786,28128,35,4408,,,,,,,,
786,28149,35,4412,,,,,,,,
787,28170,35,4416,,,,,,,,
787,28196,35,4420,,,,,,,,
,28200,,,8.4,-4.864739999999999,,,,,,
786,28220,35,4424,,,,,,,,
786,28239,35,4428,,,,,,,,
786,28261,35,4432,,,,,,,,
787,28295,35,4436,,,,,,,,
,28300,,,8.2,-6.6243013999999985,,,,,,
785,28316,36,4440,,,,,,,,
786,28330,36,4444,,,,,,,,
786,28341,36,4448,,,,,,,,
786,28363,36,4452,,,,,,,,
786,28384,36,4456,,,,,,,,
,28400,,,8.2,-5.8610631,,,,,,
785,28409,36,4460,,,,,,,,
785,28434,36,4464,,,,,,,,
786,28457,36,4468,,,,,,,,
786,28482,36,4472,,,,,,,,
,28500,,,8.2,-5.7992316,,,,,,
785,28512,36,4476,,,,,,,,
785,28535,36,4480,,,,,,,,
786,28565,36,4484,,,,,,,,
786,28596,36,4488,,,,,,,,
,28600,,,7.4,-5.2634077,,,,,,
785,28624,36,4492,,,,,,,,
785,28653,36,4496,,,,,,,,
786,28680,36,4500,,,,,,,,
,28700,,,8.6,-5.8886767,,,,,,
785,28713,36,4504,,,,,,,,
785,28747,36,4508,,,,,,,,
786,28773,36,4512,,,,,,,,
786,28790,36,4516,,,,,,,,
,28800,,,6.8,-3.3288778,,,,,,
785,28818,36,4520,,,,,,,,
785,28838,36,4524,,,,,,,,
786,28869,36,4528,,,,,,,,
,28900,,,9.0,-5.2851421,,,,,,
784,28904,36,4532,,,,,,,,
785,28933,36,4536,,,,,,,,
785,28959,36,4540,,,,,,,,
786,28983,36,4544,,,,,,,,
786,28994,36,4548,,,,,,,,
,29000,,,8.2,-6.274182699999999,,,,,,
784,29017,36,4552,,,,,,,,
785,29050,36,4556,,,,,,,,
785,29068,36,4560,,,,,,,,
786,29093,37,4564,,,,,,,,
,29100,,,9.0,-5.6172716,,,,,,
784,29118,37,4568,,,,,,,,
784,29136,37,4572,,,,,,,,
785,29161,37,4576,,,,,,,,
785,29182,37,4580,,,,,,,,
786,29198,37,4584,,,,,,,,
,29200,,,6.8,-4.4058239,,,,,,
785,29232,37,4588,,,,,,,,
785,29259,37,4592,,,,,,,,
786,29295,37,4596,,,,,,,,
,29300,,,6.6,-3.8987958,,,,,,
785,29323,37,4600,,,,,,,,
785,29352,37,4604,,,,,,,,
786,29378,37,4608,,,,,,,,
,29400,,,7.6,-4.2353897,,,,,,
784,29403,37,4612,,,,,,,,
785,29428,37,4616,,,,,,,,
785,29445,37,4620,,,,,,,,
786,29476,37,4624,,,,,,,,
786,29499,37,4628,,,,,,,,
,29500,,,8.2,-5.085818100000001,,,,,,
785,29529,37,4632,,,,,,,,
785,29547,37,4636,,,,,,,,
786,29577,37,4640,,,,,,,,
786,29599,37,4644,,,,,,,,
,29600,,,9.0,-7.0437403000000005,,,,,,
784,29618,37,4648,,,,,,,,
785,29638,37,4652,,,,,,,,
785,29660,37,4656,,,,,,,,
785,29693,37,4660,,,,,,,,
,29700,,,9.0,-6.7028903,,,,,,
784,29720,37,4664,,,,,,,,
785,29747,37,4668,,,,,,,,
785,29777,37,4672,,,,,,,,
,29800,,,9.0,-6.3335324,,,,,,
784,29802,38,4676,,,,,,,,
784,29814,38,4680,,,,,,,,
784,29838,38,4684,,,,,,,,
785,29862,38,4688,,,,,,,,
785,29886,38,4692,,,,,,,,
,29900,,,7.4,-4.3873452,,,,,,
784,29915,38,4696,,,,,,,,
784,29936,38,4700,,,,,,,,
784,29953,38,4704,,,,,,,,
785,29976,38,4708,,,,,,,,
785,29998,38,4712,,,,,,,,
,30000,,,7.6,-4.164303299999999,,,,,,
775,30027,38,4716,,,11.730079650878906,9.969868348783173e-06,0.9997507929801941,26,-4.237075328826904,-0.0018221508944407105
770,30058,39,4720,,,11.286101341247559,9.969837286668713e-06,0.9994415044784546,57,-4.2971649169921875,-0.004109316039830446
766,30079,39,4724,,,12.806487083435059,9.96981624464616e-06,0.9992320537567139,78,-4.352911949157715,-0.005685411859303713
,30100,,,8.2,-5.6093474,12.062989234924316,9.969795202668018e-06,0.9990218281745911,99,-4.286139011383057,-0.007164241746068001
760,30104,39,4728,,,11.866497993469238,9.969791194677217e-06,0.9989818334579468,103,-4.395020008087158,-0.007564587984234095
755,30135,39,4732,,,12.375377655029297,9.969760132803138e-06,0.9986713528633118,134,-4.333221912384033,-0.00976770743727684
751,30161,40,4736,,,12.266083717346191,9.96973408098337e-06,0.9984105229377747,160,-4.39531946182251,-0.011754974722862244
746,30192,40,4740,,,12.658766746520996,9.969703019287234e-06,0.9980983734130859,191,-4.584144592285156,-0.014382042922079563
,30200,,,8.2,-4.1089307999999996,12.93093490600586,9.96969500338136e-06,0.9980176687240601,199,-4.631844997406006,-0.01508110761642456
743,30205,40,4744,,,13.27448844909668,9.969689993443462e-06,0.9979671239852905,204,-4.461019039154053,-0.015107937157154083
739,30229,40,4748,,,13.25971794128418,9.969665945776594e-06,0.9977243542671204,228,-4.682647228240967,-0.017352938652038574
734,30260,41,4752,,,13.590887069702148,9.96963488429274e-06,0.9974095821380615,259,-4.774413108825684,-0.019932638853788376
730,30289,41,4756,,,13.442834854125977,9.969605826863198e-06,0.9971141219139099,288,-4.834054470062256,-0.022271132096648216
,30300,,,7.8,-5.1305529,14.543458938598633,9.969594805101732e-06,0.9970019459724426,299,-4.834109783172607,-0.02310529723763466
724,30319,41,4760,,,13.767637252807617,9.969575767542448e-06,0.9968077540397644,318,-4.9792351722717285,-0.024954309687018394
721,30346,42,4764,,,14.471733093261719,9.969548714231262e-06,0.9965300559997559,345,-4.9744672775268555,-0.027036013081669807
717,30375,42,4768,,,15.074824333190918,9.969519657052871e-06,0.9962300658226013,374,-5.248836517333984,-0.030210163444280624
713,30399,42,4772,,,14.609678268432617,9.969495609796869e-06,0.9959800839424133,398,-5.268245697021484,-0.03207750990986824
,30400,,,5.9,-4.0220441000000005,15.082050323486328,9.969494607829127e-06,0.9959697127342224,399,-5.331444263458252,-0.03242502361536026
708,30429,42,4776,,,16.6505069732666,9.969465550808433e-06,0.9956656694412231,428,-5.551172256469727,-0.03555043041706085
705,30450,43,4780,,,16.393362045288086,9.969444509570454e-06,0.9954440593719482,449,-5.545109748840332,-0.03722595050930977
701,30480,43,4784,,,17.394805908203125,9.96941445073609e-06,0.9951247572898865,479,-5.847363471984863,-0.040855031460523605
,30500,,,7.4,-4.9608145,18.340227127075195,9.969394411563533e-06,0.9949093461036682,499,-6.141879081726074,-0.04385483264923096
697,30507,43,4788,,,18.447132110595703,9.969387397862654e-06,0.9948335886001587,506,-6.229694366455078,-0.04473797231912613
692,30541,44,4792,,,20.35049057006836,9.969353331385713e-06,0.9944624304771423,540,-6.4063825607299805,-0.04839399456977844
689,30569,44,4796,,,21.243671417236328,9.969325276727405e-06,0.9941521286964417,568,-6.850183486938477,-0.05309198051691055
,30600,,,7.9,-5.4159893,23.154277801513672,9.969294216304938e-06,0.9938015341758728,599,-7.236146450042725,-0.05780750513076782
683,30605,44,4800,,,25.052385330200195,9.969289206568443e-06,0.9937442541122437,604,-7.281208038330078,-0.05867990478873253
679,30636,45,4804,,,27.363384246826172,9.969258146258358e-06,0.9933849573135376,635,-7.7976393699646,-0.06431688368320465
676,30662,45,4808,,,28.90407943725586,9.969232095750322e-06,0.9930779337882996,661,-8.394826889038086,-0.07008758932352066
673,30686,45,4812,,,29.249549865722656,9.969208049187941e-06,0.992789089679718,685,-8.867010116577148,-0.07536609470844269
,30700,,,7.6,-5.590741700000001,33.98503112792969,9.969194022053338e-06,0.9926185011863708,699,-9.208182334899902,-0.07865303754806519
668,30714,45,4816,,,34.802791595458984,9.96917999493847e-06,0.9924464225769043,713,-9.410064697265625,-0.08128897845745087
665,30742,46,4820,,,36.78392791748047,9.969151940767946e-06,0.9920977354049683,741,-9.907737731933594,-0.08739464730024338
662,30765,46,4824,,,39.77027893066406,9.96912889632979e-06,0.9918078780174255,764,-10.337850570678711,-0.09235431253910065
658,30798,46,4828,,,40.65045928955078,9.969095832663739e-06,0.9913877248764038,797,-11.060962677001953,-0.10052523761987686
,30800,,,8.3,-5.9916786,42.64396667480469,9.969093828808715e-06,0.9913621544837952,799,-11.009925842285156,-0.10051780194044113
654,30829,47,4832,,,42.08122253417969,9.969064772956129e-06,0.990990161895752,828,-11.847724914550781,-0.10874076187610626
652,30848,47,4836,,,42.3218994140625,9.969045736408973e-06,0.990746259689331,847,-12.044084548950195,-0.11155873537063599
648,30884,47,4840,,,46.262725830078125,9.96900966726142e-06,0.9902840852737427,883,-12.632713317871094,-0.1201336681842804
,30900,,,6.8,-4.3882710000000005,46.098228454589844,9.968993636571064e-06,0.9900789856910706,899,-13.138574600219727,-0.1240045502781868
644,30911,47,4844,,,46.394466400146484,9.968982615486398e-06,0.9899382591247559,910,-13.235617637634277,-0.1254691779613495
642,30932,48,4848,,,46.51017761230469,9.968961575267687e-06,0.9896700978279114,931,-13.543121337890625,-0.1300787776708603
638,30966,48,4852,,,45.26409912109375,9.968927510245828e-06,0.9892386198043823,965,-14.402067184448242,-0.13756129145622253
636,30994,48,4856,,,48.190574645996094,9.968899456785818e-06,0.9888861775398254,993,-14.748258590698242,-0.14280378818511963
,31000,,,8.2,-4.988066300000001,46.38751220703125,9.968893445340374e-06,0.9888108968734741,999,-14.912284851074219,-0.14454302191734314
633,31009,48,4860,,,46.17255401611328,9.968884428179004e-06,0.9886982440948486,1008,-14.884662628173828,-0.14425896108150482
631,31030,49,4864,,,46.55099868774414,9.968863388167523e-06,0.9884364604949951,1029,-15.576648712158203,-0.15111836791038513
629,31051,49,4868,,,47.269134521484375,9.968842348200449e-06,0.9881763458251953,1050,-15.702898979187012,-0.15312106907367706
625,31087,49,4872,,,47.00567626953125,9.968806279788777e-06,0.987734317779541,1086,-16.181564331054688,-0.15985441207885742
,31100,,,9.0,-6.0661287999999995,49.61350631713867,9.968793255116633e-06,0.9875758290290833,1099,-16.31456756591797,-0.1606532782316208
621,31115,50,4876,,,50.99744415283203,9.968778226669921e-06,0.987393856048584,1114,-16.940555572509766,-0.1644088327884674
618,31151,50,4880,,,50.77154541015625,9.96874215849025e-06,0.9869604706764221,1150,-17.754535675048828,-0.17255136370658875
615,31174,50,4884,,,49.69813919067383,9.968719114999334e-06,0.9866860508918762,1173,-17.883819580078125,-0.17470566928386688
,31200,,,8.2,-5.448081500000001,55.27758026123047,9.968693065899833e-06,0.9863777160644531,1199,-18.458602905273438,-0.17926159501075745
611,31204,50,4888,,,55.50239562988281,9.968689058352106e-06,0.986330509185791,1203,-18.658069610595703,-0.18020661175251007
608,31240,51,4892,,,54.68651580810547,9.968652990495055e-06,0.9859074950218201,1239,-19.085247039794922,-0.18527674674987793
605,31276,51,4896,,,55.62591552734375,9.968616922768503e-06,0.98548823595047,1275,-19.484899520874023,-0.19191551208496094
603,31297,51,4900,,,55.16034698486328,9.96859588332161e-06,0.9852455258369446,1296,-20.25831413269043,-0.19499918818473816
,31300,,,9.0,-6.878275900000001,55.080108642578125,9.968592877689966e-06,0.9852109551429749,1299,-20.160213470458984,-0.19576555490493774
600,31317,52,4904,,,52.98927688598633,9.968575845794426e-06,0.9850152730941772,1316,-20.546701431274414,-0.1992475688457489
597,31346,52,4908,,,64.95963287353516,9.968546791451549e-06,0.9846835136413574,1345,-21.168733596801758,-0.20251688361167908
595,31373,52,4912,,,61.94268035888672,9.96851974093258e-06,0.9843763113021851,1372,-21.18372344970703,-0.2073010504245758
593,31394,52,4916,,,60.74203109741211,9.968498701690797e-06,0.9841389656066895,1393,-21.95100212097168,-0.21191084384918213
,31400,,,9.0,-5.0608661,65.61160278320312,9.968492690487016e-06,0.9840713143348694,1399,-21.711315155029297,-0.2117171585559845
589,31418,53,4920,,,67.48436737060547,9.968474656897419e-06,0.9838687181472778,1417,-22.315292358398438,-0.2152673602104187
586,31454,53,4924,,,70.26881408691406,9.968438589816097e-06,0.9834656715393066,1453,-22.904556274414062,-0.22001925110816956
584,31479,53,4928,,,68.54776000976562,9.968413543308621e-06,0.9831872582435608,1478,-23.062488555908203,-0.22177018225193024
,31500,,,8.2,-5.6641463,67.14720153808594,9.968392504290976e-06,0.9829543232917786,1499,-23.8502197265625,-0.2278597056865692
580,31515,54,4932,,,69.6930923461914,9.968377476448416e-06,0.9827883839607239,1514,-24.291227340698242,-0.23008163273334503
578,31543,54,4936,,,77.04176330566406,9.96834942453625e-06,0.9824801683425903,1542,-24.680618286132812,-0.23266521096229553
575,31571,54,4940,,,71.20834350585938,9.968321372703028e-06,0.9821730852127075,1570,-25.210338592529297,-0.23590686917304993
,31600,,,9.0,-6.0936725,76.77035522460938,9.968292319101837e-06,0.9818560481071472,1599,-25.61139488220215,-0.24144934117794037
572,31601,55,4944,,,85.9376220703125,9.96829131725503e-06,0.9818452000617981,1600,-25.5001163482666,-0.24079926311969757
569,31636,55,4948,,,88.51950073242188,9.968256252680234e-06,0.9814646244049072,1635,-26.093250274658203,-0.24819490313529968
567,31662,55,4952,,,79.76490783691406,9.968230204790231e-06,0.9811835885047913,1661,-26.607032775878906,-0.2497793287038803
565,31686,56,4956,,,92.99827575683594,9.968206160644488e-06,0.9809249043464661,1685,-27.155792236328125,-0.2549510598182678
,31700,,,9.0,-5.9823452,85.20278930664062,9.968192134919587e-06,0.9807743430137634,1699,-26.830915451049805,-0.2548368573188782
561,31712,56,4960,,,86.0159912109375,9.96818011288538e-06,0.9806456565856934,1711,-27.941730499267578,-0.2595181465148926
559,31742,56,4964,,,87.68075561523438,9.968150057863294e-06,0.9803245067596436,1741,-28.506153106689453,-0.2648780345916748
557,31767,56,4968,,,95.74420166015625,9.968125012080779e-06,0.9800580739974976,1766,-28.68209457397461,-0.26708436012268066
,31800,,,7.4,-5.0784282,109.82666015625,9.968091951744218e-06,0.9797075986862183,1799,-29.669923782348633,-0.2730439007282257
554,31803,57,4972,,,92.47966003417969,9.968088946264513e-06,0.9796757698059082,1802,-29.29006576538086,-0.2718900442123413
552,31831,57,4976,,,91.97671508789062,9.968060895164298e-06,0.9793791174888611,1830,-29.932004928588867,-0.27597805857658386
549,31867,57,4980,,,103.22819519042969,9.968024829580014e-06,0.9789994359016418,1866,-30.997787475585938,-0.27854180335998535
,31900,,,8.2,-5.836784,93.83045959472656,9.967991769575717e-06,0.9786527752876282,1899,-31.195016860961914,-0.2875232994556427
546,31900,58,4984,,,,,,,,
544,31929,58,4988,,,116.65060424804688,9.967962716935184e-06,0.9783487915992737,1928,-31.491060256958008,-0.28728681802749634
541,31965,59,4992,,,117.0534439086914,9.96792665170612e-06,0.9779726266860962,1964,-32.32988739013672,-0.29598450660705566
539,31993,59,4996,,,118.60331726074219,9.967898601062617e-06,0.9776811003684998,1992,-32.57435607910156,-0.29716211557388306
,32000,,,9.0,-6.6037251,117.40556335449219,9.967891588414077e-06,0.977608323097229,1999,-33.30762481689453,-0.3007720708847046
536,32023,59,5000,,,108.944091796875,9.967868546889318e-06,0.9773693680763245,2022,-33.157508850097656,-0.30211904644966125
533,32059,60,5004,,,124.60807800292969,9.96783248200097e-06,0.9769964218139648,2058,-34.131309509277344,-0.3069736361503601
530,32095,60,5008,,,129.32154846191406,9.967796417243111e-06,0.9766241312026978,2094,-34.636932373046875,-0.31569695472717285
,32100,,,8.2,-4.67395,134.73794555664062,9.967791408259284e-06,0.9765724539756775,2099,-34.45602035522461,-0.31614840030670166
527,32126,60,5012,,,114.62808990478516,9.96776536158396e-06,0.9763044118881226,2125,-35.54773712158203,-0.3184480667114258
525,32160,61,5016,,,127.62074279785156,9.967731300649692e-06,0.9759551882743835,2159,-35.88628387451172,-0.32279688119888306
524,32174,61,5020,,,126.23992919921875,9.967717275592941e-06,0.9758115410804749,2173,-35.655784606933594,-0.32211828231811523
,32200,,,9.0,-6.068253799999999,130.48272705078125,9.967691229111331e-06,0.9755452871322632,2199,-37.10256576538086,-0.3311244547367096
521,32203,61,5024,,,149.64663696289062,9.967688223752447e-06,0.9755146503448486,2202,-36.663429260253906,-0.3293822407722473
518,32239,62,5028,,,143.23512268066406,9.967652159516531e-06,0.9751463532447815,2238,-37.052345275878906,-0.33220943808555603
515,32275,62,5032,,,142.37713623046875,9.967616095411099e-06,0.9747792482376099,2274,-37.306678771972656,-0.3404048681259155
,32300,,,7.4,-5.3360101,159.3026580810547,9.967591050970207e-06,0.9745247960090637,2299,-37.656044006347656,-0.34341543912887573
512,32311,63,5036,,,163.46859741210938,9.96758003143615e-06,0.9744129180908203,2310,-38.36625289916992,-0.3412932753562927
510,32347,63,5040,,,155.9700469970703,9.967543967591685e-06,0.974047839641571,2346,-38.84192657470703,-0.34783896803855896
507,32383,63,5044,,,146.56121826171875,9.967507903877703e-06,0.9736832976341248,2382,-40.05061340332031,-0.3523937463760376
,32400,,,6.6,-4.1314611,160.86337280273438,9.967490873835902e-06,0.9735114574432373,2399,-40.209861755371094,-0.3565683960914612
506,32401,63,5048,,,135.19583129882812,9.967489872069643e-06,0.9735013246536255,2400,-40.114585876464844,-0.3567318320274353
504,32437,64,5052,,,161.86656188964844,9.967453808551385e-06,0.973138153553009,2436,-40.59697723388672,-0.36013713479042053
502,32473,64,5056,,,164.47442626953125,9.96741774516361e-06,0.972775399684906,2472,-41.38779830932617,-0.3661063015460968
,32500,,,7.4,-4.5279728,154.7258758544922,9.967390697708406e-06,0.9725039005279541,2499,-41.81901550292969,-0.37037691473960876
499,32509,65,5060,,,178.52508544921875,9.967381681906316e-06,0.9724134206771851,2508,-41.83794403076172,-0.37017565965652466
497,32545,65,5064,,,172.31851196289062,9.967345618779501e-06,0.9720519781112671,2544,-42.431678771972656,-0.3771659731864929
496,32573,65,5068,,,171.30117797851562,9.967317569771078e-06,0.9717714786529541,2572,-42.27255630493164,-0.3801301419734955
,32600,,,8.2,-6.3639144000000005,185.08157348632812,9.96729052258771e-06,0.9715012311935425,2599,-42.75326156616211,-0.38473808765411377
494,32601,65,5072,,,161.33160400390625,9.967289520841586e-06,0.9714912176132202,2600,-43.00551223754883,-0.3806382119655609
492,32629,66,5076,,,185.1101837158203,9.967261471991026e-06,0.971211314201355,2628,-42.993202209472656,-0.3848971426486969
490,32665,66,5080,,,174.73583984375,9.967225409299146e-06,0.9708520174026489,2664,-43.72578430175781,-0.3929710388183594
488,32694,66,5084,,,142.67076110839844,9.967196358892243e-06,0.9705626368522644,2693,-44.88078308105469,-0.3970322906970978
,32700,,,8.2,-5.6279669,171.49221801757812,9.967190348473799e-06,0.9705027937889099,2699,-44.21050262451172,-0.39961159229278564
486,32724,67,5088,,,179.43814086914062,9.967166306836271e-06,0.9702638387680054,2723,-44.859771728515625,-0.3979869484901428
484,32760,67,5092,,,190.2457275390625,9.967130244488708e-06,0.9699065089225769,2759,-45.353546142578125,-0.404746949672699
482,32796,67,5096,,,171.5869140625,9.967094182271626e-06,0.9695492386817932,2795,-45.494300842285156,-0.41246408224105835
,32800,,,9.0,-6.518898899999999,196.4681396484375,9.96709017536667e-06,0.969509482383728,2799,-45.29322814941406,-0.41109538078308105
479,32832,68,5100,,,171.71102905273438,9.967058120185019e-06,0.9691923260688782,2831,-45.26808166503906,-0.41762614250183105
478,32860,68,5104,,,193.03005981445312,9.96703007198564e-06,0.9689148664474487,2859,-46.602073669433594,-0.42186033725738525
477,32889,68,5108,,,198.62564086914062,9.967001022148066e-06,0.9686278104782104,2888,-46.86334991455078,-0.42162230610847473
,32900,,,8.2,-5.941942000000001,202.16165161132812,9.966990003266307e-06,0.9685190320014954,2899,-47.36235809326172,-0.4243120551109314
474,32918,69,5112,,,230.88058471679688,9.96697197239516e-06,0.9683412313461304,2917,-47.075714111328125,-0.42553257942199707
473,32946,69,5116,,,161.68458557128906,9.96694392443821e-06,0.9680647850036621,2945,-48.106117248535156,-0.4281735420227051
472,32974,69,5120,,,215.27549743652344,9.966915876560191e-06,0.967788577079773,2973,-47.25180435180664,-0.43081754446029663
,33000,,,9.0,-7.253954000000002,210.47496032714844,9.966889832172704e-06,0.9675323963165283,2999,-47.672080993652344,-0.4362489581108093
469,33010,70,5124,,,174.36578369140625,9.966879815118715e-06,0.967433750629425,3009,-47.5516357421875,-0.4397490918636322
467,33046,70,5128,,,180.01165771484375,9.966843753807712e-06,0.9670795202255249,3045,-47.896121978759766,-0.44251754879951477
466,33074,70,5132,,,227.54666137695312,9.96681570621158e-06,0.966804027557373,3073,-49.38990783691406,-0.44522762298583984
465,33095,71,5136,,,221.68629455566406,9.96679467056628e-06,0.9665979743003845,3094,-49.10268783569336,-0.4495673179626465
,33100,,,9.0,-5.7861193,236.06842041015625,9.966789662085847e-06,0.9665489196777344,3099,-48.43341827392578,-0.4538816213607788
463,33123,71,5140,,,230.064697265625,9.966766623108274e-06,0.9663230776786804,3122,-49.189064025878906,-0.4513796269893646
461,33154,71,5144,,,274.6911926269531,9.966735570657548e-06,0.9660188555717468,3153,-49.53837966918945,-0.45770132541656494
460,33179,72,5148,,,233.11502075195312,9.966710528429047e-06,0.9657736420631409,3178,-49.67757034301758,-0.46191877126693726
,33200,,,8.2,-6.7856651,248.7596435546875,9.96668949300573e-06,0.9655680656433105,3199,-49.807960510253906,-0.466519296169281
458,33215,72,5152,,,275.2569580078125,9.966674467730543e-06,0.965421199798584,3214,-50.05392837524414,-0.4665091037750244
456,33243,72,5156,,,244.9331512451172,9.966646420610798e-06,0.9651472568511963,3242,-50.108154296875,-0.47271543741226196
455,33272,73,5160,,,208.06222534179688,9.966617371891412e-06,0.9648639559745789,3271,-50.19133758544922,-0.4736987054347992
454,33292,73,5164,,,166.31312561035156,9.966597338341164e-06,0.964668869972229,3291,-51.212257385253906,-0.4773304760456085
,33300,,,9.0,-6.6099583,200.65231323242188,9.96658932493234e-06,0.9645909667015076,3299,-49.70087432861328,-0.4784170687198639
452,33320,73,5168,,,213.39183044433594,9.966569291438468e-06,0.9643959999084473,3319,-51.11249542236328,-0.48059019446372986
450,33356,73,5172,,,257.3387756347656,9.966533231250976e-06,0.9640452861785889,3355,-49.976158142089844,-0.4837551414966583
449,33392,74,5176,,,307.1029052734375,9.966497171193955e-06,0.9636947512626648,3391,-51.90325164794922,-0.49025607109069824
,33400,,,9.0,-6.649166600000001,211.00607299804688,9.966489157865667e-06,0.9636169075965881,3399,-52.0709342956543,-0.48758959770202637
447,33422,74,5180,,,191.66061401367188,9.9664671212461e-06,0.9634029865264893,3421,-51.78406524658203,-0.49768537282943726
446,33450,74,5184,,,248.15472412109375,9.966439074709848e-06,0.963130533695221,3449,-51.81983947753906,-0.49938303232192993
445,33479,75,5188,,,242.13690185546875,9.966410026594789e-06,0.9628486037254333,3478,-52.32899475097656,-0.5019084215164185
,33500,,,9.0,-6.928777599999999,215.41668701171875,9.966388991805703e-06,0.9626444578170776,3499,-51.76915740966797,-0.5080994367599487
443,33515,75,5192,,,231.43630981445312,9.966373966983535e-06,0.9624987840652466,3514,-51.252357482910156,-0.5053471326828003
441,33551,75,5196,,,269.2480773925781,9.96633790750275e-06,0.9621493816375732,3550,-52.86766815185547,-0.513343870639801
440,33579,76,5200,,,208.23175048828125,9.966309861330117e-06,0.9618775844573975,3578,-52.3697509765625,-0.5161288976669312
439,33592,76,5204,,,215.83792114257812,9.96629683991965e-06,0.9617514610290527,3591,-51.56365203857422,-0.5147337317466736
,33600,,,9.0,-6.1798345,191.62747192382812,9.966288826752436e-06,0.9616737961769104,3599,-52.70130920410156,-0.5154743194580078
437,33628,76,5208,,,243.35171508789062,9.966260780717918e-06,0.9614028334617615,3627,-52.08074188232422,-0.5194723010063171
436,33664,77,5212,,,238.79312133789062,9.966224721646655e-06,0.9610544443130493,3663,-52.57769012451172,-0.5255717039108276
,33700,,,9.0,-6.2987609,250.29449462890625,9.966188662705856e-06,0.9607058167457581,3699,-52.52469253540039,-0.5351319909095764
434,33700,77,5216,,,,,,,,
433,33729,77,5220,,,233.36038208007812,9.966159615320648e-06,0.9604253768920898,3728,-52.969322204589844,-0.535256028175354
432,33757,78,5224,,,187.4857635498047,9.966131569649744e-06,0.9601544737815857,3756,-52.78977584838867,-0.5372616052627563
430,33793,78,5228,,,221.36819458007812,9.96609551104598e-06,0.9598065614700317,3792,-52.38218307495117,-0.5468971133232117
,33800,,,7.4,-4.6784095,286.772216796875,9.966088499665953e-06,0.9597390294075012,3799,-53.3372688293457,-0.5430700778961182
429,33821,78,5232,,,221.22796630859375,9.966067465555472e-06,0.9595364928245544,3820,-52.79771423339844,-0.5456293821334839
427,33857,79,5236,,,252.94876098632812,9.966031407183643e-06,0.959189236164093,3856,-54.14202117919922,-0.5503255128860474
426,33893,79,5240,,,215.24761962890625,9.965995348942277e-06,0.9588422179222107,3892,-53.0263671875,-0.5548925995826721
,33900,,,9.0,-6.4299131,214.0556640625,9.965988337632718e-06,0.9587748050689697,3899,-53.20499801635742,-0.5636107921600342
424,33923,79,5244,,,233.55197143554688,9.965965300507466e-06,0.9585529565811157,3922,-52.74592590332031,-0.5592595338821411
423,33959,80,5248,,,224.83538818359375,9.965929242505282e-06,0.9582064151763916,3958,-54.106597900390625,-0.5640933513641357
422,33987,80,5252,,,268.4269714355469,9.965901197482669e-06,0.9579370617866516,3986,-52.99821472167969,-0.5703294277191162
,34000,,,9.0,-5.8888029,229.58863830566406,9.965888176606139e-06,0.9578120112419128,3999,-53.620819091796875,-0.570749044418335
420,34023,80,5256,,,213.10916137695312,9.965865139712416e-06,0.9575908184051514,4022,-52.870704650878906,-0.5716948509216309
419,34059,81,5260,,,253.93882751464844,9.965829082072627e-06,0.9572449922561646,4058,-51.93234634399414,-0.5799360871315002
418,34087,81,5264,,,216.12890625,9.965801037331874e-06,0.9569762945175171,4086,-52.52143096923828,-0.5855408906936646
,34100,,,8.2,-5.9250278000000005,205.92550659179688,9.965788016586207e-06,0.9568513035774231,4099,-52.74809265136719,-0.5852239727973938
416,34115,81,5268,,,258.0345764160156,9.965772992670041e-06,0.956707239151001,4114,-53.249595642089844,-0.5864009857177734
415,34151,82,5272,,,218.64846801757812,9.965736935363649e-06,0.9563617706298828,4150,-53.917964935302734,-0.5921112298965454
414,34187,82,5276,,,273.7438659667969,9.965700878187717e-06,0.9560165405273438,4186,-52.70294189453125,-0.5953858494758606
,34200,,,9.0,-5.6159414,232.17410278320312,9.965687857572913e-06,0.9558917284011841,4199,-53.247314453125,-0.6001272201538086
412,34223,82,5280,,,209.09716796875,9.965664821142242e-06,0.9556711316108704,4222,-53.10175323486328,-0.602387547492981
411,34244,83,5284,,,222.8911895751953,9.965643787925962e-06,0.9554699063301086,4243,-51.24998474121094,-0.6041589379310608
410,34273,83,5288,,,257.71807861328125,9.965614742128843e-06,0.9551924467086792,4272,-51.405006408691406,-0.6046135425567627
,34300,,,9.0,-6.051777100000001,241.86219787597656,9.965587699566245e-06,0.954934298992157,4299,-53.43047332763672,-0.6162902116775513
409,34309,83,5292,,,213.12228393554688,9.965578685395018e-06,0.9548482298851013,4308,-52.955223083496094,-0.612823486328125
408,34332,84,5296,,,207.24929809570312,9.965555649216709e-06,0.9546283483505249,4331,-53.23405456542969,-0.6143765449523926
407,34360,84,5300,,,238.3451385498047,9.96552760524542e-06,0.9543606042861938,4359,-52.34629821777344,-0.617808997631073
406,34388,84,5304,,,184.57855224609375,9.965499561353051e-06,0.9540932178497314,4387,-51.809608459472656,-0.6159722805023193
,34400,,,9.0,-5.8909035,237.86065673828125,9.965487542566193e-06,0.9539786577224731,4399,-52.56409454345703,-0.6202383041381836
404,34424,85,5308,,,258.6264953613281,9.965463505035963e-06,0.9537494778633118,4423,-52.43758773803711,-0.6276954412460327
403,34460,85,5312,,,216.30755615234375,9.965427448849333e-06,0.9534057974815369,4459,-53.28034210205078,-0.6337618231773376
402,34496,85,5316,,,237.89944458007812,9.965391392793159e-06,0.9530626535415649,4495,-52.25803756713867,-0.6353001594543457
,34500,,,9.0,-6.764239600000001,208.26742553710938,9.965387386572748e-06,0.9530245065689087,4499,-53.268524169921875,-0.6372166872024536
401,34524,86,5320,,,279.9029235839844,9.965363349284104e-06,0.9527953267097473,4523,-53.06481170654297,-0.6418301463127136
400,34553,86,5324,,,219.83975219726562,9.965334304304347e-06,0.952518880367279,4552,-51.59394836425781,-0.6419516205787659
399,34581,86,5328,,,270.27105712890625,9.965306260955944e-06,0.9522518515586853,4580,-52.54267883300781,-0.6495715379714966
,34600,,,9.0,-5.157826200000001,257.4488220214844,9.9652872315859e-06,0.9520707726478577,4599,-51.827945709228516,-0.6553667187690735
397,34617,87,5332,,,243.25241088867188,9.96527020533824e-06,0.9519087672233582,4616,-51.651832580566406,-0.6579127907752991
396,34645,87,5336,,,231.82693481445312,9.965242162170217e-06,0.9516422748565674,4644,-51.35871505737305,-0.6554776430130005
396,34666,87,5340,,,237.70492553710938,9.965221129845988e-06,0.9514424204826355,4665,-51.992462158203125,-0.6572875380516052
,34700,,,9.0,-6.4915123999999995,190.53219604492188,9.965187077605637e-06,0.9511191248893738,4699,-49.456138610839844,-0.6656351089477539
394,34702,87,5344,,,177.98886108398438,9.965185074536299e-06,0.9511000514030457,4701,-50.9852294921875,-0.6653954386711121
393,34738,88,5348,,,271.45611572265625,9.96514901935706e-06,0.9507579803466797,4737,-50.21958541870117,-0.6664541363716125
392,34766,88,5352,,,274.216552734375,9.965120976530067e-06,0.9504919648170471,4765,-50.74448013305664,-0.673208475112915
391,34794,88,5356,,,230.74209594726562,9.965092933781986e-06,0.9502257704734802,4793,-51.48577117919922,-0.6795658469200134
,34800,,,8.2,-6.740441800000001,204.58615112304688,9.96508692463195e-06,0.9501687288284302,4799,-51.249351501464844,-0.6787043809890747
389,34822,89,5360,,,221.24774169921875,9.96506489111282e-06,0.9499598145484924,4821,-51.18962478637695,-0.6798363924026489
388,34858,89,5364,,,257.3903503417969,9.965028836368422e-06,0.9496180415153503,4857,-49.785945892333984,-0.688362181186676
387,34886,89,5368,,,247.17526245117188,9.965000793879631e-06,0.9493522047996521,4885,-51.042640686035156,-0.6903953552246094
,34900,,,8.2,-6.0527152,209.10894775390625,9.96498677266483e-06,0.9492193460464478,4899,-50.869049072265625,-0.6906802654266357
386,34915,90,5372,,,198.35894775390625,9.964971749956577e-06,0.9490771293640137,4914,-49.4647102355957,-0.6874216198921204
385,34951,90,5376,,,183.56637573242188,9.964935695549173e-06,0.9487360119819641,4950,-49.32252502441406,-0.697080135345459
384,34979,90,5380,,,159.1623077392578,9.96490765332249e-06,0.9484708309173584,4978,-49.40361785888672,-0.700994610786438
,35000,,,8.2,-6.601214799999999,218.5089111328125,9.964886621704265e-06,0.9482719302177429,4999,-50.09649658203125,-0.7050793170928955
383,35008,91,5384,,,222.6455841064453,9.964878609670903e-06,0.9481961131095886,5007,-50.90230178833008,-0.7095280885696411
382,35044,91,5388,,,223.9844207763672,9.96484255560049e-06,0.9478549361228943,5043,-49.64421081542969,-0.707825243473053
381,35072,91,5392,,,195.06585693359375,9.964814513635912e-06,0.9475899338722229,5071,-48.909759521484375,-0.7150083780288696
,35100,,,8.2,-6.0744378,181.9755096435547,9.964786471750245e-06,0.9473248720169067,5099,-48.85686111450195,-0.7213801145553589
380,35100,92,5396,,,,,,,,
379,35136,92,5400,,,134.1057586669922,9.964750418013199e-06,0.9469844698905945,5135,-48.55976104736328,-0.724395215511322
378,35164,92,5404,,,211.2464599609375,9.964722376307904e-06,0.9467198848724365,5163,-49.47549057006836,-0.7257034778594971
377,35193,93,5408,,,189.053955078125,9.964693333196324e-06,0.9464457035064697,5192,-47.74905014038086,-0.73094642162323
,35200,,,7.4,-4.6800303,174.0228271484375,9.964686322802762e-06,0.9463794231414795,5199,-48.98149108886719,-0.7270479202270508
376,35222,93,5412,,,237.44927978515625,9.964664290169393e-06,0.9461716413497925,5221,-49.01441955566406,-0.7372897863388062
375,35250,93,5416,,,205.48696899414062,9.964636248706469e-06,0.9459072351455688,5249,-50.12383270263672,-0.7343988418579102
374,35278,94,5420,,,173.5543975830078,9.964608207322455e-06,0.9456426501274109,5277,-48.55034637451172,-0.7422550916671753
,35300,,,9.0,-6.4977812,189.305908203125,9.964586174861805e-06,0.9454350471496582,5299,-47.880714416503906,-0.7417047023773193
372,35306,94,5424,,,122.02252197265625,9.964580166017353e-06,0.9453783631324768,5305,-47.40853500366211,-0.7466541528701782
371,35342,95,5428,,,163.40594482421875,9.964544113026745e-06,0.945038914680481,5341,-47.96626281738281,-0.7484973669052124
371,35362,95,5432,,,180.22952270507812,9.964524083643883e-06,0.9448503255844116,5361,-47.75495529174805,-0.752336859703064
370,35390,95,5436,,,187.09600830078125,9.964496042575513e-06,0.9445863366127014,5389,-49.125431060791016,-0.759555459022522
,35400,,,9.0,-7.4480105000000005,160.80894470214844,9.964486027927362e-06,0.944491982460022,5399,-46.52171325683594,-0.7582780718803406
369,35418,95,5440,,,123.99275207519531,9.964468001586052e-06,0.9443221688270569,5417,-47.705169677734375,-0.7613581418991089
368,35446,96,5444,,,152.10000610351562,9.964439960675504e-06,0.9440581798553467,5445,-45.736122131347656,-0.7637473344802856
367,35482,96,5448,,,216.65188598632812,9.964403908192174e-06,0.9437188506126404,5481,-48.430789947509766,-0.7710398435592651
,35500,,,8.2,-5.7794904,176.1454620361328,9.964385881999424e-06,0.9435492157936096,5499,-45.93412399291992,-0.7661453485488892
365,35518,97,5452,,,193.0330047607422,9.964367855839285e-06,0.9433797597885132,5517,-48.455501556396484,-0.7714868783950806
365,35554,97,5456,,,196.46424865722656,9.96433180361684e-06,0.9430410265922546,5553,-45.719444274902344,-0.7818190455436707
363,35590,97,5460,,,173.9334716796875,9.964295751524834e-06,0.9427023530006409,5589,-47.21440505981445,-0.7867408990859985
,35600,,,8.2,-6.4460614000000005,151.45094299316406,9.964285737077982e-06,0.9426081776618958,5599,-48.27108383178711,-0.7823851108551025
362,35620,98,5464,,,150.2283477783203,9.964265708214472e-06,0.9424199461936951,5619,-45.75294494628906,-0.786129355430603
361,35656,98,5468,,,160.92355346679688,9.964229656361609e-06,0.9420813322067261,5655,-46.85651779174805,-0.7916378974914551
360,35692,98,5472,,,128.99720764160156,9.964193604639183e-06,0.941743016242981,5691,-46.38622283935547,-0.7899260520935059
,35700,,,9.0,-6.6951445,227.3087921142578,9.964185593163025e-06,0.9416679739952087,5699,-46.19681167602539,-0.796107292175293
359,35728,99,5476,,,204.2061767578125,9.964157553047197e-06,0.9414050579071045,5727,-47.55426025390625,-0.8008080720901489
358,35764,99,5480,,,126.9107894897461,9.964121501585651e-06,0.9410671591758728,5763,-46.33485412597656,-0.8038066625595093
,35800,,,9.0,-6.6159441999999995,178.1977081298828,9.964085450254543e-06,0.9407291412353516,5799,-46.29304504394531,-0.8071626424789429
357,35800,100,5484,,,,,,,,
356,35836,100,5488,,,172.56585693359375,9.964049399053873e-06,0.9403914213180542,5835,-44.696319580078125,-0.813690721988678
355,35872,100,5492,,,189.73577880859375,9.964013347983639e-06,0.9400539398193359,5871,-45.646759033203125,-0.8164241313934326
,35900,,,9.0,-6.042316599999999,178.68276977539062,9.963985308352526e-06,0.939791738986969,5899,-43.27742004394531,-0.8216016292572021
354,35908,101,5496,,,144.04336547851562,9.963977297043843e-06,0.9397168755531311,5907,-45.1117057800293,-0.8217184543609619
353,35936,101,5500,,,156.9508056640625,9.963949257514181e-06,0.9394544959068298,5935,-44.70454406738281,-0.8342753648757935
352,35964,101,5504,,,150.32107543945312,9.963921218063423e-06,0.9391921162605286,5963,-46.20835876464844,-0.8316522240638733
351,35992,102,5508,,,164.13941955566406,9.96389317869157e-06,0.938930094242096,5991,-44.941410064697266,-0.8375712037086487
,36000,,,9.0,-5.480530400000001,168.48484802246094,9.963885167456964e-06,0.9388552308082581,5999,-44.62364959716797,-0.8335161209106445
350,36028,102,5512,,,172.0299072265625,9.963857128186561e-06,0.9385930299758911,6027,-43.4307975769043,-0.838158130645752
349,36064,103,5516,,,149.91403198242188,9.963821077811986e-06,0.9382559657096863,6063,-44.62216567993164,-0.8462584614753723
,36100,,,9.0,-6.635860599999999,162.6556396484375,9.963785027567844e-06,0.9379191398620605,6099,-43.4459114074707,-0.8505934476852417
348,36100,103,5520,,,,,,,,
347,36136,104,5524,,,137.28125,9.963748977454138e-06,0.9375825524330139,6135,-42.517547607421875,-0.8520245552062988
346,36156,104,5528,,,151.75531005859375,9.96372894966955e-06,0.9373958110809326,6155,-44.62207794189453,-0.8563737869262695
345,36192,104,5532,,,160.62109375,9.96369289975874e-06,0.9370592832565308,6191,-42.48103713989258,-0.8616483211517334
,36200,,,9.0,-6.885031299999999,160.74343872070312,9.963684888685161e-06,0.9369844794273376,6199,-44.30413055419922,-0.8679143190383911
344,36228,105,5536,,,158.38047790527344,9.96365684997836e-06,0.9367228150367737,6227,-43.034820556640625,-0.861078143119812
343,36264,105,5540,,,138.56170654296875,9.963620800328417e-06,0.93638676404953,6263,-42.80093002319336,-0.870172917842865
343,36293,105,5544,,,173.9995574951172,9.963591760427482e-06,0.9361159205436707,6292,-44.03180694580078,-0.8806912899017334
,36300,,,9.0,-5.9152793,159.20745849609375,9.963584750808902e-06,0.936050534248352,6299,-43.29803466796875,-0.8771489858627319
342,36313,106,5548,,,151.6943359375,9.96357173295891e-06,0.9359290599822998,6312,-42.246097564697266,-0.8763546347618103
341,36349,106,5552,,,135.824462890625,9.963535683616927e-06,0.9355930089950562,6348,-43.45259475708008,-0.8799037337303162
341,36380,106,5556,,,118.13641357421875,9.963504641232513e-06,0.9353036880493164,6379,-42.74333953857422,-0.8843676447868347
,36400,,,9.0,-6.5292333,134.8206787109375,9.963484613939057e-06,0.9351173043251038,6399,-42.720359802246094,-0.884514331817627
340,36416,107,5560,,,191.22341918945312,9.963468592133276e-06,0.9349682331085205,6415,-44.59475326538086,-0.8962059020996094
339,36452,107,5564,,,192.81094360351562,9.96343254316447e-06,0.9346326589584351,6451,-44.26914978027344,-0.8967918753623962
338,36488,107,5568,,,120.06621551513672,9.963396494326091e-06,0.9342971444129944,6487,-41.12517547607422,-0.9009912014007568
,36500,,,8.2,-4.903281699999999,132.0180206298828,9.963384478075615e-06,0.9341854453086853,6499,-43.93391418457031,-0.9079629182815552
337,36508,108,5572,,,161.688720703125,9.963376467250017e-06,0.9341109395027161,6507,-44.13592529296875,-0.9071619510650635
336,36544,108,5576,,,147.72164916992188,9.963340418614529e-06,0.9337761998176575,6543,-42.849815368652344,-0.9093682765960693
336,36580,108,5580,,,111.5497817993164,9.963304370109468e-06,0.9334411025047302,6579,-42.26817321777344,-0.9162927865982056
,36600,,,9.0,-7.139208600000001,169.40078735351562,9.96328434321857e-06,0.9332548379898071,6599,-42.12767791748047,-0.9154795408248901
335,36608,109,5584,,,128.0462646484375,9.963276332473482e-06,0.9331803917884827,6607,-44.12754821777344,-0.9177306294441223
334,36644,109,5588,,,134.65174865722656,9.963240284200292e-06,0.9328452348709106,6643,-42.64771270751953,-0.9213422536849976
333,36672,109,5592,,,134.2685546875,9.963212246744649e-06,0.9325851202011108,6671,-43.010498046875,-0.9214869737625122
,36700,,,9.0,-5.6539823,163.38702392578125,9.963184209367906e-06,0.9323248267173767,6699,-42.28618621826172,-0.9260879755020142
332,36708,110,5596,,,138.95706176757812,9.963176198703329e-06,0.9322504997253418,6707,-42.71607971191406,-0.926285982131958
332,36744,110,5600,,,138.98960876464844,9.963140150792435e-06,0.9319162964820862,6743,-42.81561279296875,-0.9385598301887512
331,36780,110,5604,,,110.2716064453125,9.963104103011967e-06,0.9315818548202515,6779,-42.21883773803711,-0.9398607015609741
,36800,,,9.0,-7.084436199999999,120.09874725341797,9.963084076523617e-06,0.9313958883285522,6799,-42.8638916015625,-0.9396570920944214
330,36808,111,5608,,,133.64064025878906,9.963076065939549e-06,0.9313216209411621,6807,-43.67232894897461,-0.9371122121810913
329,36844,111,5612,,,152.35401916503906,9.963040018390947e-06,0.9309877157211304,6843,-42.935264587402344,-0.9383736252784729
329,36880,112,5616,,,114.17155456542969,9.963003970972767e-06,0.930653989315033,6879,-41.70695877075195,-0.9504132270812988
,36900,,,8.2,-4.8095844,125.34092712402344,9.962983944685691e-06,0.9304686784744263,6899,-42.14361572265625,-0.9514203667640686
327,36916,112,5620,,,82.40094757080078,9.962967923685013e-06,0.9303203225135803,6915,-42.514686584472656,-0.9571203589439392
327,36952,112,5624,,,131.60751342773438,9.962931876527682e-06,0.9299865961074829,6951,-40.65500259399414,-0.9575254321098328
326,36988,113,5628,,,149.22914123535156,9.962895829500773e-06,0.9296529293060303,6987,-40.562034606933594,-0.9703572392463684
,37000,,,8.2,-6.6031073000000005,131.94850158691406,9.962883813854119e-06,0.9295417070388794,6999,-42.112762451171875,-0.9673775434494019
325,37024,113,5632,,,121.44705963134766,9.962859782604286e-06,0.9293195605278015,7023,-42.16401672363281,-0.9640186429023743
324,37052,114,5636,,,126.91851043701172,9.96283174621941e-06,0.9290603995323181,7051,-42.217559814453125,-0.9727436900138855
324,37088,114,5640,,,149.6231689453125,9.962795699554784e-06,0.9287270307540894,7087,-42.16893768310547,-0.9828522205352783
,37100,,,8.2,-6.2714571,112.68231201171875,9.96278368402889e-06,0.928615927696228,7099,-41.85589599609375,-0.9784221053123474
322,37124,115,5644,,,112.42716217041016,9.962759653020578e-06,0.9283939003944397,7123,-41.45881652832031,-0.9856839179992676
320,37160,115,5648,,,126.25675964355469,9.962723606616794e-06,0.9280608892440796,7159,-43.684017181396484,-0.9974403381347656
319,37196,116,5652,,,104.5628433227539,9.96268756034343e-06,0.9277278184890747,7195,-41.75902557373047,-0.9917505383491516
,37200,,,9.0,-6.9299433,141.53060913085938,9.962683555209996e-06,0.9276908040046692,7199,-43.067718505859375,-0.9920720458030701
317,37232,117,5656,,,112.52141571044922,9.962651514200485e-06,0.9273951649665833,7231,-42.27305603027344,-0.9993091821670532
315,37268,117,5660,,,103.11346435546875,9.962615468187959e-06,0.9270626902580261,7267,-40.6800651550293,-0.9988894462585449
,37300,,,7.4,-5.3229262,108.67665100097656,9.962583427397423e-06,0.9267674684524536,7299,-43.26074981689453,-1.009725570678711
314,37304,118,5664,,,153.40904235839844,9.962579422305853e-06,0.9267305731773376,7303,-41.626094818115234,-1.0028486251831055
313,37324,119,5668,,,151.308837890625,9.962559396872146e-06,0.9265457391738892,7323,-41.55816650390625,-1.008971095085144
311,37360,119,5672,,,124.62062072753906,9.96252335119291e-06,0.9262130856513977,7359,-42.3398551940918,-1.0191304683685303
310,37396,120,5676,,,121.25971984863281,9.962487305644095e-06,0.9258811473846436,7395,-42.93794250488281,-1.0167655944824219
,37400,,,8.2,-6.048828299999999,132.74139404296875,9.962483300591165e-06,0.9258443117141724,7399,-41.975311279296875,-1.0232822895050049
308,37424,121,5680,,,87.49981689453125,9.962459270307402e-06,0.9256229400634766,7423,-42.02287673950195,-1.0298577547073364
307,37460,121,5684,,,149.940673828125,9.962423224990436e-06,0.9252906441688538,7459,-42.689170837402344,-1.0283517837524414
306,37496,122,5688,,,116.33096313476562,9.962387179803886e-06,0.9249587655067444,7495,-41.74605178833008,-1.0340336561203003
,37500,,,9.0,-6.7881148,133.64833068847656,9.962383174791208e-06,0.9249219298362732,7499,-43.97882843017578,-1.0368664264678955
304,37524,123,5692,,,125.66494750976562,9.962359144748955e-06,0.9247009754180908,7523,-44.06298065185547,-1.0380207300186157
303,37560,123,5696,,,129.36630249023438,9.962323099794256e-06,0.9243690967559814,7559,-41.4424934387207,-1.0400002002716064
302,37588,124,5700,,,118.95608520507812,9.962295064919652e-06,0.9241113662719727,7587,-42.39910888671875,-1.0437555313110352
,37600,,,8.2,-5.0865547,116.95978546142578,9.962283049997546e-06,0.9240008592605591,7599,-41.723121643066406,-1.0442123413085938
301,37616,124,5704,,,88.34463500976562,9.962267030123942e-06,0.9238535165786743,7615,-42.792606353759766,-1.046604871749878
299,37652,125,5708,,,117.83355712890625,9.962230985502525e-06,0.9235223531723022,7651,-42.33131790161133,-1.0488672256469727
298,37680,126,5712,,,94.89898681640625,9.962202950887138e-06,0.9232648015022278,7679,-43.69423294067383,-1.0590364933013916
,37700,,,6.6,-3.9407593,106.28387451171875,9.962182926210165e-06,0.9230809211730957,7699,-42.62322998046875,-1.0663893222808838
297,37716,126,5716,,,93.73396301269531,9.962166906497567e-06,0.92293381690979,7715,-42.47850799560547,-1.0678365230560303
295,37752,127,5720,,,98.95768737792969,9.962130862238406e-06,0.9226024150848389,7751,-42.21227264404297,-1.0718002319335938
295,37780,128,5724,,,151.87246704101562,9.962102827904778e-06,0.922344982624054,7779,-43.69824981689453,-1.07647705078125
,37800,,,9.0,-6.36254,104.34295654296875,9.962082803429058e-06,0.9221609830856323,7799,-42.12715148925781,-1.0741952657699585
293,37816,128,5728,,,133.96505737304688,9.96206678387746e-06,0.9220139384269714,7815,-42.3264045715332,-1.076059103012085
292,37852,129,5732,,,104.27845764160156,9.962030739980557e-06,0.9216831922531128,7851,-43.31605529785156,-1.0784494876861572
291,37880,130,5736,,,104.27210998535156,9.96200270592868e-06,0.9214261174201965,7879,-42.790977478027344,-1.0831646919250488
,37900,,,8.2,-5.6031597,110.53996276855469,9.961982681654213e-06,0.9212424159049988,7899,-41.74149703979492,-1.088470458984375
289,37916,130,5740,,,127.66502380371094,9.961966662263617e-06,0.9210954904556274,7915,-42.67036819458008,-1.088436245918274
288,37952,131,5744,,,105.764892578125,9.961930618728964e-06,0.9207653403282166,7951,-42.357852935791016,-1.0997347831726074
287,37988,132,5748,,,98.25076293945312,9.96189457532472e-06,0.9204351902008057,7987,-43.179901123046875,-1.1005724668502808
,38000,,,9.0,-6.4872698,130.97509765625,9.961882560885618e-06,0.9203252792358398,7999,-41.71881103515625,-1.0982062816619873
286,38017,132,5752,,,111.61038208007812,9.96186554045503e-06,0.920169472694397,8016,-41.93547821044922,-1.108786702156067
285,38045,133,5756,,,98.15052032470703,9.961837506868039e-06,0.9199130535125732,8044,-42.702186584472656,-1.1075197458267212
284,38081,134,5760,,,107.06266784667969,9.961801463800686e-06,0.9195829033851624,8080,-42.905426025390625,-1.1081100702285767
,38100,,,9.0,-7.618918000000001,164.09490966796875,9.961782441123269e-06,0.9194088578224182,8099,-42.31830596923828,-1.1179509162902832
282,38117,134,5764,,,124.91204833984375,9.961765420863739e-06,0.9192529320716858,8116,-43.031211853027344,-1.1104377508163452
281,38153,135,5768,,,140.41026306152344,9.9617293780572e-06,0.9189231395721436,8152,-43.02445602416992,-1.1162160634994507
280,38189,136,5772,,,121.62447357177734,9.961693335381068e-06,0.9185937643051147,8188,-43.41552734375,-1.1238796710968018
,38200,,,9.0,-6.8284154,80.03465270996094,9.96168232236715e-06,0.9184932708740234,8199,-42.07582092285156,-1.1237891912460327
279,38217,136,5776,,,160.040283203125,9.961665302278678e-06,0.9183377027511597,8216,-42.44557189941406,-1.1232936382293701
278,38253,137,5780,,,125.05166625976562,9.96162925983438e-06,0.9180084466934204,8252,-43.51271057128906,-1.1326576471328735
277,38281,138,5784,,,111.2570571899414,9.961601226912306e-06,0.9177521467208862,8280,-42.49983596801758,-1.142342448234558
,38300,,,8.2,-6.114940800000001,105.05699157714844,9.961582204617253e-06,0.917578399181366,8299,-43.655181884765625,-1.1404929161071777
276,38317,138,5788,,,115.53565979003906,9.96156518469984e-06,0.9174230694770813,8316,-43.528751373291016,-1.1445746421813965
275,38345,139,5792,,,126.4391860961914,9.961537151958077e-06,0.9171670079231262,8344,-42.24296569824219,-1.1499848365783691
274,38373,139,5796,,,117.50704956054688,9.961509119295203e-06,0.9169110059738159,8372,-43.293617248535156,-1.1487263441085815
,38400,,,8.2,-6.3856517,134.83071899414062,9.96148208787357e-06,0.9166644215583801,8399,-42.950347900390625,-1.1586744785308838
272,38409,140,5800,,,104.51249694824219,9.961473077415991e-06,0.9165823459625244,8408,-43.20062255859375,-1.1523594856262207
272,38437,141,5804,,,128.24514770507812,9.961445044933428e-06,0.9163270592689514,8436,-42.543235778808594,-1.1585533618927002
271,38473,141,5808,,,116.75575256347656,9.961409003286046e-06,0.9159986972808838,8472,-43.56028747558594,-1.1682738065719604
,38500,,,9.0,-6.9284613,130.47096252441406,9.961381972136087e-06,0.9157520532608032,8499,-42.71585464477539,-1.1671793460845947
270,38501,142,5812,,,90.52600860595703,9.961380970983793e-06,0.9157429337501526,8500,-42.620521545410156,-1.163921594619751
269,38529,143,5816,,,133.24273681640625,9.961352938760427e-06,0.9154874086380005,8528,-42.89659118652344,-1.1682807207107544
268,38557,143,5820,,,150.38157653808594,9.961324906615943e-06,0.9152318835258484,8556,-43.34428405761719,-1.1732819080352783
267,38593,144,5824,,,105.33297729492188,9.961288865403235e-06,0.9149038195610046,8592,-44.150840759277344,-1.1778709888458252
,38600,,,9.0,-6.351488400000001,124.1802749633789,9.961281857404795e-06,0.914840042591095,8599,-43.156593322753906,-1.1776299476623535
266,38629,145,5828,,,115.46759033203125,9.961252824320929e-06,0.9145756959915161,8628,-43.11061096191406,-1.1925760507583618
265,38657,145,5832,,,135.697021484375,9.961224792458177e-06,0.9143205285072327,8656,-42.211883544921875,-1.184173822402954
264,38693,146,5836,,,121.68746948242188,9.961188751607694e-06,0.9139924645423889,8692,-42.989280700683594,-1.1847840547561646
,38700,,,9.0,-6.3405101,99.41834259033203,9.961181743679686e-06,0.9139288067817688,8699,-43.96949768066406,-1.191138505935669
263,38729,147,5840,,,114.25702667236328,9.96115271088761e-06,0.9136649966239929,8728,-43.925376892089844,-1.2040765285491943
262,38765,147,5844,,,99.77362060546875,9.961116670297926e-06,0.9133374691009521,8764,-44.70037078857422,-1.201850175857544
,38800,,,9.0,-5.3951573999999995,185.16714477539062,9.96108163096075e-06,0.9130192399024963,8799,-42.3400993347168,-1.202712059020996
261,38801,148,5848,,,131.94424438476562,9.961080629838642e-06,0.9130101799964905,8800,-43.19148635864258,-1.208059310913086
260,38837,149,5852,,,132.24441528320312,9.961044589509754e-06,0.9126826524734497,8836,-43.96644973754883,-1.2134681940078735
259,38865,149,5856,,,144.77780151367188,9.961016558232993e-06,0.9124284982681274,8864,-44.31230163574219,-1.2207920551300049
,38900,,,9.0,-5.8389384,122.29611206054688,9.960981519247973e-06,0.9121107459068298,8899,-44.638893127441406,-1.2268599271774292
258,38901,150,5860,,,104.34967803955078,9.960980518135926e-06,0.912101686000824,8900,-42.303226470947266,-1.22439444065094
257,38937,151,5864,,,136.89047241210938,9.960944478169255e-06,0.9117745757102966,8936,-44.328575134277344,-1.2217345237731934
256,38965,151,5868,,,144.31776428222656,9.960916447174218e-06,0.9115203619003296,8964,-43.46631622314453,-1.2231132984161377
,39000,,,9.0,-6.7079357,135.963623046875,9.960881408541347e-06,0.9112024903297424,8999,-42.14515686035156,-1.2258199453353882
255,39001,152,5872,,,103.69606018066406,9.960880407439363e-06,0.9111933708190918,9000,-44.10157775878906,-1.2343759536743164
254,39029,153,5876,,,119.07535552978516,9.960852376624626e-06,0.9109392762184143,9028,-43.79719543457031,-1.2376430034637451
254,39065,153,5880,,,82.85199737548828,9.960816337121585e-06,0.9106127023696899,9064,-43.23229217529297,-1.2504538297653198
,39100,,,8.2,-4.928496,130.84432983398438,9.960781298840863e-06,0.9102951288223267,9099,-43.589576721191406,-1.2461364269256592
253,39101,154,5884,,,107.15778350830078,9.96078029774894e-06,0.910286009311676,9100,-44.48374938964844,-1.2482097148895264
252,39129,155,5888,,,141.01097106933594,9.96075226721592e-06,0.9100322127342224,9128,-43.313804626464844,-1.251321792602539
251,39158,155,5892,,,152.2498779296875,9.960723235675593e-06,0.9097693562507629,9157,-43.69044494628906,-1.2477037906646729
250,39194,156,5896,,,108.63186645507812,9.9606871966398e-06,0.9094436168670654,9193,-43.874847412109375,-1.251709222793579
,39200,,,9.0,-6.795126600000001,86.8019027709961,9.96068119014651e-06,0.9093893766403198,9199,-43.5692138671875,-1.2632715702056885
249,39222,156,5900,,,111.18470764160156,9.960659166368776e-06,0.9091901183128357,9221,-42.946624755859375,-1.2606685161590576
249,39250,157,5904,,,133.21710205078125,9.96063113617663e-06,0.9089365005493164,9249,-42.678653717041016,-1.2616076469421387
248,39286,158,5908,,,131.1507568359375,9.960595097474063e-06,0.9086103439331055,9285,-44.11409378051758,-1.2745397090911865
,39300,,,8.2,-6.568365299999999,140.11141967773438,9.96058108245828e-06,0.908483624458313,9299,-41.881832122802734,-1.2810777425765991
247,39313,158,5912,,,115.35633850097656,9.960568068532707e-06,0.9083658456802368,9312,-43.12220764160156,-1.2822357416152954
246,39349,159,5916,,,107.62904357910156,9.960532030058328e-06,0.9080397486686707,9348,-43.095726013183594,-1.2771337032318115
245,39385,160,5920,,,99.6859130859375,9.960495991714337e-06,0.9077139496803284,9384,-42.183326721191406,-1.2735378742218018
,39400,,,9.0,-5.8018307,87.20501708984375,9.960480975776157e-06,0.9075784087181091,9399,-43.56153869628906,-1.2928574085235596
245,39405,160,5924,,,123.69970703125,9.960475970468462e-06,0.9075332880020142,9404,-43.85454559326172,-1.2841336727142334
244,39441,161,5928,,,155.88491821289062,9.960439932327302e-06,0.9072080254554749,9440,-44.33087158203125,-1.2928129434585571
243,39477,161,5932,,,122.50973510742188,9.960403894316532e-06,0.906882643699646,9476,-43.48981475830078,-1.3028271198272705
,39500,,,9.0,-6.0681864999999995,90.91764831542969,9.960380870100139e-06,0.9066748023033142,9499,-42.98986053466797,-1.2925834655761719
242,39505,162,5936,,,137.72125244140625,9.960375864842747e-06,0.9066296815872192,9504,-42.846920013427734,-1.2931859493255615
242,39541,163,5940,,,141.0288848876953,9.960339827063781e-06,0.9063047170639038,9540,-43.88973617553711,-1.307426929473877
241,39577,163,5944,,,86.23285675048828,9.960303789415203e-06,0.905980110168457,9576,-43.63365173339844,-1.3135275840759277
,39600,,,8.2,-5.419531899999999,138.89637756347656,9.960280765430209e-06,0.9057728052139282,9599,-44.04313659667969,-1.3189961910247803
240,39613,164,5948,,,101.59432983398438,9.960267751897015e-06,0.9056556224822998,9612,-42.61757278442383,-1.3030500411987305
239,39649,165,5952,,,105.95406341552734,9.960231714509213e-06,0.9053311944007874,9648,-42.472442626953125,-1.3148425817489624
239,39685,166,5956,,,124.34307861328125,9.9601956772518e-06,0.9050068259239197,9684,-43.67033767700195,-1.3162388801574707
,39700,,,8.6,-6.2517629999999995,112.14293670654297,9.960180661766359e-06,0.9048717617988586,9699,-44.75917434692383,-1.3239758014678955
238,39721,166,5960,,,82.36373901367188,9.960159640124773e-06,0.9046825170516968,9720,-43.075599670410156,-1.327012538909912
237,39749,167,5964,,,122.32814025878906,9.96013161133834e-06,0.9044301509857178,9748,-42.6585578918457,-1.3186813592910767
236,39777,167,5968,,,126.12876892089844,9.960103582630782e-06,0.9041778445243835,9776,-43.67942428588867,-1.3391425609588623
,39800,,,9.0,-7.9787504,122.12831115722656,9.96008055910858e-06,0.9039705395698547,9799,-43.40342712402344,-1.3473896980285645
236,39813,168,5972,,,112.89657592773438,9.960067545836965e-06,0.9038534164428711,9812,-42.825958251953125,-1.3445130586624146
235,39841,169,5976,,,129.79483032226562,9.960039517309693e-06,0.9036015272140503,9840,-42.54670715332031,-1.3443456888198853
234,39871,169,5980,,,129.7557373046875,9.960009486832287e-06,0.903331458568573,9870,-42.81807327270508,-1.3435550928115845
,39900,,,7.4,-5.2578453,151.38955688476562,9.959980457456862e-06,0.9030707478523254,9899,-43.575172424316406,-1.347740650177002
233,39907,170,5984,,,100.83901977539062,9.959973450378918e-06,0.9030078649520874,9906,-42.64886474609375,-1.3525869846343994
233,39943,171,5988,,,119.75017547607422,9.959937414055933e-06,0.9026841521263123,9942,-43.449119567871094,-1.3521862030029297
232,39979,171,5992,,,116.47354125976562,9.959901377863333e-06,0.9023603200912476,9978,-44.20348358154297,-1.3685660362243652
,40000,,,9.0,-6.767282799999999,90.63292694091797,9.959880356811194e-06,0.90217125415802,9999,-42.395118713378906,-1.3654115200042725
231,40013,172,5996,,,156.01605224609375,9.95986734380115e-06,0.902054488658905,10012,-45.3509407043457,-1.3664114475250244
231,40049,173,6000,,,95.62673950195312,9.95983130786207e-06,0.9017313122749329,10048,-42.263545989990234,-1.371110200881958
230,40085,173,6004,,,111.1666259765625,9.959795272053375e-06,0.9014078974723816,10084,-43.88291549682617,-1.3761223554611206
,40100,,,8.2,-5.409448199999999,91.3856201171875,9.959780257171565e-06,0.9012730717658997,10099,-42.94952392578125,-1.3696482181549072
230,40121,174,6008,,,113.47230529785156,9.95975923637506e-06,0.9010845422744751,10120,-42.46991729736328,-1.37140691280365
229,40157,175,6012,,,142.7628631591797,9.959723200827126e-06,0.900761604309082,10156,-43.593955993652344,-1.3838157653808594
228,40185,175,6016,,,125.18011474609375,9.959695173268874e-06,0.9005104899406433,10184,-43.51255416870117,-1.3880290985107422
,40200,,,8.2,-6.0014577000000005,135.09510803222656,9.959680158537967e-06,0.90037602186203,10199,-42.626869201660156,-1.3865821361541748
228,40217,176,6020,,,119.5452880859375,9.959663141870303e-06,0.9002236723899841,10216,-44.13869857788086,-1.388871431350708
227,40253,176,6024,,,106.3218002319336,9.959627106670052e-06,0.8999007940292358,10252,-42.48931884765625,-1.3967056274414062
226,40282,177,6028,,,107.54740905761719,9.959598078409108e-06,0.8996408581733704,10281,-42.19228744506836,-1.4010539054870605
,40300,,,9.0,-6.0260496,116.42790222167969,9.959580060910389e-06,0.8994795680046082,10299,-42.903343200683594,-1.3956509828567505
226,40318,178,6032,,,134.41152954101562,9.959562043444264e-06,0.8993184566497803,10317,-43.341705322265625,-1.4087015390396118
225,40346,178,6036,,,120.39453125,9.959534016339521e-06,0.8990676999092102,10345,-42.800140380859375,-1.4123164415359497
225,40380,179,6040,,,152.9169921875,9.959499983532653e-06,0.8987633585929871,10379,-43.69782638549805,-1.4117927551269531
,40400,,,7.4,-4.6771698,138.34068298339844,9.95947996428882e-06,0.898584246635437,10399,-42.64973449707031,-1.43074369430542
224,40407,180,6044,,,96.73564147949219,9.959472957562985e-06,0.8985216021537781,10406,-42.380130767822266,-1.4212250709533691
223,40443,180,6048,,,93.29826354980469,9.95943692305084e-06,0.8981994390487671,10442,-42.27809143066406,-1.423753023147583
223,40464,181,6052,,,106.118408203125,9.959415902978964e-06,0.8980117440223694,10463,-42.507232666015625,-1.4373300075531006
222,40492,181,6056,,,125.95108032226562,9.959387876285475e-06,0.897761344909668,10491,-43.76365280151367,-1.4337847232818604
,40500,,,9.0,-6.6231695,121.21857452392578,9.95937986867325e-06,0.8976898789405823,10499,-44.19957733154297,-1.4322164058685303
221,40528,182,6060,,,110.23678588867188,9.959351842081165e-06,0.89743971824646,10527,-42.61211013793945,-1.4330257177352905
221,40564,183,6064,,,109.855712890625,9.95931580800723e-06,0.8971180319786072,10563,-45.078819274902344,-1.4499216079711914
220,40595,183,6068,,,131.62255859375,9.959284778770258e-06,0.8968408107757568,10594,-44.18257141113281,-1.4367371797561646
,40600,,,9.0,-6.5564153,130.6697235107422,9.95927977406367e-06,0.8967961072921753,10599,-43.49839401245117,-1.440537929534912
220,40631,184,6072,,,120.60133361816406,9.959248744938966e-06,0.8965191841125488,10630,-43.99345397949219,-1.4425623416900635
219,40667,185,6076,,,141.10150146484375,9.959212711238047e-06,0.8961977362632751,10666,-43.13172149658203,-1.4583797454833984
218,40695,185,6080,,,100.64310455322266,9.959184685116359e-06,0.895948052406311,10694,-43.19749450683594,-1.459393858909607
,40700,,,8.2,-6.024746400000001,115.11790466308594,9.95917968046007e-06,0.8959034085273743,10699,-43.569068908691406,-1.4555838108062744
218,40726,186,6084,,,117.2080078125,9.959153656287911e-06,0.8956717848777771,10725,-42.64116287231445,-1.4545243978500366
217,40762,187,6088,,,126.73007202148438,9.959117622931036e-06,0.8953512907028198,10761,-43.886531829833984,-1.4642727375030518
217,40791,187,6092,,,120.77452087402344,9.959088596155032e-06,0.8950926661491394,10790,-43.0197639465332,-1.4664511680603027
,40800,,,8.2,-5.2201859,119.11569213867188,9.95907958786244e-06,0.8950123190879822,10799,-42.408897399902344,-1.471191167831421
217,40827,188,6096,,,81.96499633789062,9.959052563033552e-06,0.8947715163230896,10826,-43.20597457885742,-1.4776594638824463
216,40856,188,6100,,,106.72966766357422,9.95902353644717e-06,0.8945128917694092,10855,-44.06386184692383,-1.4705827236175537
